DATE,SUB BUSINESS,CAMPAIGN NAME,CHANNEL,PUSH IMPRESSIONS,PUSH IMPRESSIONS_per10k,CLICKS,CTR %,APP LAUNCHES,MAU,LEAD,REVENUE,Revenue_per10k,Month,Year,Month Name
31-Mar-25,DL,DPPM_PROF_OB_DPDMVSDOC,SMS,"1,44,115",14,497,0.344863477,0,0,1,0,0,3,2025,March
16-Mar-25,B,B2C_NORM_MPN_DIRECTBL_ALL_NA_NA_NA_App_01APR2025_DPDMVSBLD_Eng,MOBILE PUSH,"3,77,991",38,"3,374",0.89,"3,374",21,60,0,0,3,2025,March
15-Mar-25,B,B2C_NORM_MPN_DIRECTBL_ALL_NA_NA_NA_App_01APR2025_DPDMVSBLD_Eng,MOBILE PUSH,"4,71,483",47,"3,470",0.74,"3,470",8,82,0,0,3,2025,March
14-Mar-25,DL,B2C_NORM_MPN_PROFUNSECURED_ALL_NA_NA_NA_DPDMVSDOC DS XAOP_ENG,MOBILE PUSH,"84,237",8,147,0.17,147,1,0,0,0,3,2025,March
14-Mar-25,B,B2C_NORM_MPN_DIRECTBL_ALL_NA_NA_NA_App_01APR2025_DPDMVSBLD_Eng,MOBILE PUSH,"43,305",4,269,0.62,269,6,7,0,0,3,2025,March
12-Mar-25,PPL,B2C_NORM_MPN_PLCSPROSPECT_ALL_NA_KD OFF DPDMVSPPL MAR13_ENG,MOBILE PUSH,"1,39,520",14,657,0.47,657,1,34,0,0,3,2025,March
11-Mar-25,B,B2C_NORM_MPN_DIRECTBL_ALL_NA_NA_NA_App_01APR2025_DPDMVSBLD_Eng,MOBILE PUSH,"3,80,276",38,"3,341",0.88,"3,341",16,60,0,0,3,2025,March
10-Mar-25,DL,B2C_NORM_MPN_PROFUNSECURED_ALL_NA_NA_NA_DPDMVSDOC DS XAOP_ENG,MOBILE PUSH,"92,521",9,155,0.17,155,3,1,0,0,3,2025,March
06-Mar-25,DL,B2C_NORM_MPN_PROFUNSECURED_ALL_NA_NA_NA_DPDMVSDOC DS XAOP_ENG,MOBILE PUSH,"89,539",9,193,0.22,193,2,0,0,0,3,2025,March
05-Mar-25,B,B2C_NORM_MPN_DIRECTBL_ALL_NA_NA_NA_App_01APR2025_DPDMVSBLD_Eng,MOBILE PUSH,"1,57,492",16,"1,380",0.88,"1,380",7,31,0,0,3,2025,March
04-Mar-25,B,B2C_NORM_MPN_DIRECTBL_ALL_NA_NA_NA_App_01APR2025_DPDMVSBLD_Eng,MOBILE PUSH,"2,26,877",23,"2,561",1.13,"2,561",6,48,0,0,3,2025,March
03-Mar-25,DL,B2C_NORM_MPN_PROFUNSECURED_ALL_NA_NA_NA_DPDMVSDOC DS XAOP_ENG,MOBILE PUSH,"51,037",5,198,0.39,198,0,0,0,0,3,2025,March
01-Mar-25,B,B2C_NORM_MPN_DIRECTBL_ALL_NA_NA_NA_App_01APR2025_DPDMVSBLD_Eng,MOBILE PUSH,"3,04,475",30,"3,867",1.27,"3,867",8,81,0,0,3,2025,March
28-Feb-25,DL,DPPM_PROF_OB_DPDMVSDOC,SMS,"1,93,019",19,482,0.249716349,0,0,5,0,0,2,2025,February
28-Feb-25,DL,B2C_NORM_MPN_PROFUNSECURED_ALL_NA_NA_NA_DPDMVSDOC DS XAOP_ENG,MOBILE PUSH,"48,973",5,204,0.42,204,1,0,0,0,2,2025,February
26-Feb-25,B,B2C_NORM_MPN_DIRECTBL_ALL_NA_NA_NA_App_01APR2025_DPDMVSBLD_Eng,MOBILE PUSH,"3,55,462",36,"4,011",1.13,"4,011",7,131,0,0,2,2025,February
23-Feb-25,DL,B2C_NORM_MPN_PROFUNSECURED_ALL_NA_NA_NA_DPDMVSDOC DS XAOP_ENG,MOBILE PUSH,"30,634",3,112,0.37,112,0,0,0,0,2,2025,February
22-Feb-25,B,B2C_NORM_MPN_DIRECTBL_ALL_NA_NA_NA_App_01APR2025_DPDMVSBLD_Eng,MOBILE PUSH,"53,535",5,320,0.6,320,1,8,0,0,2,2025,February
21-Feb-25,B,B2C_NORM_MPN_DIRECTBL_ALL_NA_NA_NA_App_01APR2025_DPDMVSBLD_Eng,MOBILE PUSH,"4,46,099",45,"4,322",0.97,"4,322",5,156,0,0,2,2025,February
21-Feb-25,B,B2C_NORM_MPN_DIRECTBL_ALL_NA_NA_NA_App_01APR2025_DPDMVSBLD_Eng,MOBILE PUSH,"3,11,411",31,"2,543",0.82,"2,543",10,31,0,0,2,2025,February
20-Feb-25,DL,B2C_NORM_MPN_PROFUNSECURED_ALL_NA_NA_NA_DPDMVSDOC DS XAOP_ENG,MOBILE PUSH,"50,184",5,228,0.45,228,0,0,0,0,2,2025,February
20-Feb-25,B,B2C_NORM_MPN_DIRECTBL_ALL_NA_NA_NA_App_01APR2025_DPDMVSBLD_Eng,MOBILE PUSH,"2,42,838",24,"1,965",0.81,"1,965",4,27,0,0,2,2025,February
19-Feb-25,B,B2C_NORM_MPN_DIRECTBL_ALL_NA_NA_NA_App_01APR2025_DPDMVSBLD_Eng,MOBILE PUSH,"2,77,539",28,"2,952",1.06,"2,952",2,64,0,0,2,2025,February
18-Feb-25,B,B2C_NORM_MPN_DIRECTBL_ALL_NA_NA_NA_App_01APR2025_DPDMVSBLD_Eng,MOBILE PUSH,"1,89,039",19,"1,652",0.87,"1,652",7,20,0,0,2,2025,February
16-Feb-25,DL,B2C_NORM_MPN_PROFUNSECURED_ALL_NA_NA_NA_DPDMVSDOC DS XAOP_ENG,MOBILE PUSH,"53,026",5,214,0.4,214,0,0,0,0,2,2025,February
16-Feb-25,PPL, B2C_NORM_MPN_PLCSPROSPECT_ALL_NA_KD OFF DPDMVSPPL FEB17_ENG,MOBILE PUSH,"1,34,535",13,597,0.44,597,8,33,"2,38,884",23.8884,2,2025,February
16-Feb-25,B,B2C_NORM_MPN_DIRECTBL_ALL_NA_NA_NA_App_01APR2025_DPDMVSBLD_Eng,MOBILE PUSH,"2,50,207",25,"3,009",1.2,"3,009",2,79,0,0,2,2025,February
13-Feb-25,DL,B2C_NORM_MPN_PROFUNSECURED_ALL_NA_NA_NA_DOCTOR BASE DS XAOP_ENG,MOBILE PUSH,"61,259",6,197,0.32,197,0,1,0,0,2,2025,February
12-Feb-25,PPL, B2C_NORM_MPN_PLCSPROSPECT_ALL_NA_KD OFF DPDMVSPPL FEB13_ENG,MOBILE PUSH,"1,30,389",13,581,0.45,581,3,16,"5,40,437",54.0437,2,2025,February
10-Feb-25,DL,B2C_NORM_MPN_PROFUNSECURED_ALL_NA_NA_NA_DOCTOR BASE DS XAOP_ENG,MOBILE PUSH,"36,926",4,159,0.43,159,2,2,0,0,2,2025,February
10-Feb-25,DL,B2C_NORM_MPN_PROFUNSECURED_ALL_NA_NA_NA_DPDMVSDOC DS XAOP_ENG,MOBILE PUSH,"49,592",5,165,0.33,165,0,0,0,0,2,2025,February
09-Feb-25,DL,B2C_NORM_MPN_PROFUNSECURED_ALL_NA_NA_NA_DOCTOR BASE DS XAOP_ENG,MOBILE PUSH,"64,734",6,219,0.34,219,0,0,0,0,2,2025,February
09-Feb-25,PPL, B2C_NORM_MPN_PLCSPROSPECT_ALL_NA_KD NOOFF H DPDMVSPPL FEB10_ENG,MOBILE PUSH,"3,72,650",37,"3,094",0.83,"3,094",8,32,0,0,2,2025,February
08-Feb-25,PPL, B2C_NORM_MPN_PLCSPROSPECT_ALL_NA_KD OFF DPDMVSPPL FEB10_ENG,MOBILE PUSH,"1,01,633",10,394,0.39,394,2,14,0,0,2,2025,February
08-Feb-25,PPL, B2C_NORM_MPN_PLCSPROSPECT_ALL_NA_KD NOOFF L DPDMVSPPL FEB10_ENG,MOBILE PUSH,"5,76,311",58,"5,774",1,"5,774",18,27,0,0,2,2025,February
06-Feb-25,DL,B2C_NORM_MPN_PROFUNSECURED_ALL_NA_NA_NA_DOCTOR BASE DS XAOP_ENG,MOBILE PUSH,"63,539",6,270,0.42,270,3,0,0,0,2,2025,February
06-Feb-25,B,B2C_NORM_MPN_DIRECTBL_ALL_NA_NA_NA_App_01APR2025_DPDMVSBLD_Eng,MOBILE PUSH,"1,68,079",17,"2,113",1.26,"2,113",0,44,0,0,2,2025,February
04-Feb-25,PPL, B2C_NORM_MPN_PLCSPROSPECT_ALL_NA_KD OFF DPDMVSPPL FEB03_ENG,MOBILE PUSH,"1,11,588",11,392,0.35,392,6,14,"82,647",8.2647,2,2025,February
03-Feb-25,DL,B2C_NORM_MPN_PROFUNSECURED_ALL_NA_NA_NA_DOCTOR BASE DS XAOP_ENG,MOBILE PUSH,"64,292",6,252,0.39,252,1,4,0,0,2,2025,February
01-Feb-25,PPL, B2C_NORM_MPN_PLCSPROSPECT_ALL_NA_KD OFF DPDMVSPPL FEB03_ENG,MOBILE PUSH,"98,133",10,487,0.5,487,2,20,"1,17,881",11.7881,2,2025,February
01-Feb-25,PPL, B2C_NORM_MPN_PLCSPROSPECT_ALL_NA_KD OFFNO H DPDMVSPPL FEB03_ENG,MOBILE PUSH,"2,95,661",30,"2,464",0.83,"2,464",7,22,"1,63,680",16.368,2,2025,February
01-Feb-25,PPL, B2C_NORM_MPN_PLCSPROSPECT_ALL_NA_KD OFFNO L DPDMVSPPL JAN23_MLANG,MOBILE PUSH,"4,92,942",49,"4,715",0.96,"4,715",18,13,"1,07,499",10.7499,2,2025,February
31-Jan-25,DL,DPPM_PROF_OB_DPDMVSDOC,SMS,"57,912",6,141,0.243472855,0,0,2,0,0,1,2025,January
31-Jan-25,DL,B2C_NORM_MPN_PROFUNSECURED_ALL_NA_NA_NA_DOCTOR BASE DS XAOP_ENG,MOBILE PUSH,"61,468",6,207,0.34,207,2,0,0,0,1,2025,January
30-Jan-25,DL,B2C_NORM_MPN_PROFUNSECURED_ALL_NA_NA_NA_DOCTOR BASE DS XAOP_ENG,MOBILE PUSH,"58,810",6,256,0.44,256,0,1,0,0,1,2025,January
29-Jan-25,DL,B2C_NORM_MPN_PROFUNSECURED_ALL_NA_NA_NA_DOCTOR BASE DS XAOP_ENG,MOBILE PUSH,"60,161",6,212,0.35,212,0,1,0,0,1,2025,January
27-Jan-25,DL,B2C_NORM_MPN_PROFUNSECURED_ALL_NA_NA_NA_DOCTOR BASE DS XAOP_ENG,MOBILE PUSH,"51,477",5,164,0.32,164,2,1,0,0,1,2025,January
25-Jan-25,DL,B2C_NORM_MPN_PROFUNSECURED_ALL_NA_NA_NA_DOCTOR BASE DS XAOP_ENG,MOBILE PUSH,"45,703",5,143,0.31,143,1,0,0,0,1,2025,January
23-Jan-25,DL,B2C_NORM_MPN_PROFUNSECURED_ALL_NA_NA_NA_DOCTOR BASE DS XAOP_ENG,MOBILE PUSH,"51,385",5,179,0.35,179,1,0,0,0,1,2025,January
22-Jan-25,PPL, B2C_NORM_MPN_PLCSPROSPECT_ALL_NA_KD OFF DPDMVSPPL JAN23_MLANG,MOBILE PUSH,"1,24,927",12,451,0.36,451,3,13,0,0,1,2025,January
21-Jan-25,PPL, B2C_NORM_MPN_PLCSPROSPECT_ALL_NA_KD OFFNO H DPDMVSPPL JAN23_MLANG,MOBILE PUSH,"3,18,905",32,"2,140",0.67,"2,140",10,24,0,0,1,2025,January
21-Jan-25,PPL, B2C_NORM_MPN_PLCSPROSPECT_ALL_NA_KD OFFNO L DPDMVSPPL JAN23_MLANG,MOBILE PUSH,"6,03,733",60,"4,661",0.77,"4,661",25,32,0,0,1,2025,January
20-Jan-25,DL,B2C_NORM_MPN_PROFUNSECURED_ALL_NA_NA_NA_DOCTOR BASE DS XAOP_ENG,MOBILE PUSH,"58,890",6,208,0.35,208,1,0,0,0,1,2025,January
19-Jan-25,DL,B2C_NORM_MPN_PROFUNSECURED_ALL_NA_NA_NA_DOCTOR BASE DS XAOP_ENG,MOBILE PUSH,"61,707",6,211,0.34,211,1,0,0,0,1,2025,January
19-Jan-25,PPL, B2C_NORM_MPN_PLCSPROSPECT_ALL_NA_KD OFFNO H DPDMVSPPL JAN20_MLANG,MOBILE PUSH,"3,08,046",31,"2,765",0.9,"2,765",7,43,0,0,1,2025,January
19-Jan-25,PPL, B2C_NORM_MPN_PLCSPROSPECT_ALL_NA_KD OFF DPDMVSPPL JAN21_MLANG,MOBILE PUSH,"1,17,498",12,617,0.53,617,6,47,"2,35,658",23.5658,1,2025,January
17-Jan-25,PPL, B2C_NORM_MPN_PLCSPROSPECT_ALL_NA_KD OFFNO NON NEG H DPDMVSPPL DEC16_MLANG,MOBILE PUSH,1,0,0,0,0,0,0,0,0,1,2025,January
17-Jan-25,PPL, B2C_NORM_MPN_PLCSPROSPECT_ALL_NA_KD OFFNO L DPDMVSPPL JAN16_ENG,MOBILE PUSH,"5,61,225",56,"3,602",0.64,"3,602",15,46,0,0,1,2025,January
16-Jan-25,DL,B2C_NORM_MPN_PROFUNSECURED_ALL_NA_NA_NA_DOCTOR BASE DS XAOP_ENG,MOBILE PUSH,"60,041",6,186,0.31,186,2,0,0,0,1,2025,January
15-Jan-25,PPL, B2C_NORM_MPN_PLCSPROSPECT_ALL_NA_KD OFF DPDMVSPPL JAN16_ENG,MOBILE PUSH,"77,065",8,346,0.45,346,6,12,0,0,1,2025,January
15-Jan-25,PPL, B2C_NORM_MPN_PLCSPROSPECT_ALL_NA_KD OFFNO H DPDMVSPPL JAN16_ENG,MOBILE PUSH,"2,16,457",22,"1,166",0.54,"1,166",8,25,0,0,1,2025,January
13-Jan-25,DL,B2C_NORM_MPN_PROFUNSECURED_ALL_NA_NA_NA_DOCTOR BASE DS XAOP_ENG,MOBILE PUSH,"63,387",6,181,0.29,181,0,2,0,0,1,2025,January
13-Jan-25,PPL, B2C_NORM_MPN_PLCSPROSPECT_ALL_NA_KD OFF DPDMVSPPL JAN13_MLANG,MOBILE PUSH,"1,18,279",12,456,0.39,456,3,23,0,0,1,2025,January
12-Jan-25,PPL, B2C_NORM_MPN_PLCSPROSPECT_ALL_NA_KD OFF DPDMVSPPL JAN13_MLANG,MOBILE PUSH,"1,14,375",11,509,0.45,509,1,39,0,0,1,2025,January
12-Jan-25,PPL, B2C_NORM_MPN_PLCSPROSPECT_ALL_NA_KD OFFNO H DPDMVSPPL JAN13_MLANG,MOBILE PUSH,"3,22,347",32,"3,002",0.93,"3,002",6,48,0,0,1,2025,January
09-Jan-25,DL,B2C_NORM_MPN_PROFUNSECURED_ALL_NA_NA_NA_DOCTOR BASE DS XAOP_ENG,MOBILE PUSH,"60,560",6,226,0.37,226,0,2,0,0,1,2025,January
07-Jan-25,DL,B2C_NORM_MPN_PROFUNSECURED_ALL_NA_NA_NA_DOCTOR BASE DS XAOP_ENG,MOBILE PUSH,"60,272",6,212,0.35,212,0,0,0,0,1,2025,January
04-Jan-25,B,DPPM_BL_OB_DPDMVSBLD_4,SMS,0,0,"8,378",0,0,0,144,0,0,1,2025,January
03-Jan-25,DL,B2C_NORM_MPN_PROFUNSECURED_ALL_NA_NA_NA_DOCTOR BASE DS XAOP_ENG,MOBILE PUSH,1,0,0,0,0,0,0,0,0,1,2025,January
02-Jan-25,B,DPPM_BL_OB_DPDM_SMS1,SMS,0,0,8,0,0,0,1,0,0,1,2025,January
01-Jan-25,B,DPPM_BL_OB_DPDMVSBLD_1,SMS,0,0,475,0,0,0,39,0,0,1,2025,January
01-Jan-25,B,DPPM_BL_OB_DPDM_SMS3,SMS,0,0,51,0,0,0,0,0,0,1,2025,January
01-Jan-25,B,DPPM_BL_OB_DPDM_SMS2,SMS,0,0,63,0,0,0,5,0,0,1,2025,January
01-Jan-25,B,DPPM_BL_OB_DPDM_SMS4,SMS,0,0,28,0,0,0,0,0,0,1,2025,January
01-Jan-25,B,DPPM_BL_OB_DPDMVSBLD_3,SMS,0,0,"1,702",0,0,0,121,0,0,1,2025,January
01-Jan-25,B,DPPM_BL_OB_DPDMVSBLD_2,SMS,0,0,"1,447",0,0,0,118,0,0,1,2025,January
01-Jan-25,DL,B2C_NORM_MPN_PROFUNSECURED_ALL_NA_NA_NA_DOCTOR BASE DS XAOP_ENG,MOBILE PUSH,187,0,3,1.6,3,0,0,0,0,1,2025,January
01-Jan-25,PPL, B2C_NORM_MPN_PLCSPROSPECT_ALL_NA_KD OFF NON NEG DPDMVSPPL DEC30_MLANG,MOBILE PUSH,220,0,3,1.36,3,0,0,0,0,1,2025,January
01-Jan-25,PPL, B2C_NORM_MPN_PLCSPROSPECT_ALL_NA_KD OFFNO NON NEG H DPDMVSPPL DEC16_MLANG,MOBILE PUSH,635,0,8,1.26,8,0,1,0,0,1,2025,January
01-Jan-25,PPL, B2C_NORM_MPN_PLCSPROSPECT_ALL_NA_KD OFFNO NON NEG L DPDMVSPPL DEC30_MLANG,MOBILE PUSH,"1,894",0,37,1.95,37,1,0,0,0,1,2025,January
01-Jan-25,PPL, B2C_NORM_MPN_PLCSPROSPECT_ALL_NA_KD OFF NONNEG DPDMVSPPL DEC31_ENG,MOBILE PUSH,"1,491",0,24,1.61,24,1,0,0,0,1,2025,January
01-Jan-25,PPL, B2C_NORM_MPN_PLCSPROSPECT_ALL_NA_KD OFFNO H NONNEG DPDMVSPPL DEC31_ENG,MOBILE PUSH,"3,290",0,62,1.88,62,1,0,0,0,1,2025,January
01-Jan-25,PPL, B2C_NORM_MPN_PLCSPROSPECT_ALL_NA_KD OFFNO L NONNEG DPDMVSPPL DEC31_ENG,MOBILE PUSH,"9,104",1,174,1.91,174,2,0,0,0,1,2025,January
01-Jan-25,DL,B2C_NORM_MPN_PROFUNSECURED_ALL_NA_NA_NA_DOCTOR BASE DS XAOP_ENG,MOBILE PUSH,"18,331",2,99,0.54,99,1,0,0,0,1,2025,January
31-Dec-24,DL,DPPM_PROF_OB_DPDMVSDOC,SMS,"47,641",5,158,0.331647111,0,0,1,0,0,12,2024,December
24-Dec-24,DL,B2C_NORM_MPN_PROFUNSECURED_ALL_NA_NA_NA_DOCTOR BASE DS XAOP_ENG,MOBILE PUSH,"28,353",3,100,0.35,100,0,0,0,0,12,2024,December
23-Dec-24,DL,B2C_NORM_MPN_PROFUNSECURED_ALL_NA_NA_NA_DOCTOR BASE DS XAOP_ENG,MOBILE PUSH,"29,970",3,122,0.41,122,0,0,0,0,12,2024,December
18-Dec-24,DL,B2C_NORM_MPN_PROFUNSECURED_ALL_NA_NA_NA_DOCTOR BASE DS XAOP_ENG,MOBILE PUSH,"28,949",3,123,0.42,123,0,1,0,0,12,2024,December
16-Dec-24,PPL, B2C_NORM_MPN_PLCSPROSPECT_ALL_NA_KD NOOFF POS H NONFOCSEMP DPDMNSPPL OCT30_ENG,MOBILE PUSH,1,0,1,100,1,0,0,0,0,12,2024,December
15-Dec-24,DL,B2C_NORM_MPN_PROFUNSECURED_ALL_NA_NA_NA_DOCTOR BASE DS XAOP_ENG,MOBILE PUSH,"30,633",3,99,0.32,99,0,1,0,0,12,2024,December
15-Dec-24,PPL, B2C_NORM_MPN_PLCSPROSPECT_ALL_NA_KD OFF NON NEG DPDMVSPPL DEC10_MLANG,MOBILE PUSH,"1,26,420",13,682,0.54,682,1,78,"2,08,700",20.87,12,2024,December
13-Dec-24,PPL, B2C_NORM_MPN_PLCSPROSPECT_ALL_NA_KD OFFNO NON NEG L DPDMVSPPL DEC16_MLANG,MOBILE PUSH,"7,03,997",70,"7,806",1.11,"7,806",15,103,0,0,12,2024,December
12-Dec-24,DL,B2C_NORM_MPN_PROFUNSECURED_ALL_NA_NA_NA_DOCTOR BASE DS XAOP_ENG,MOBILE PUSH,"28,384",3,119,0.42,119,0,1,0,0,12,2024,December
10-Dec-24,PPL, B2C_NORM_MPN_PLCSPROSPECT_ALL_NA_KD OFF NONNEG DPDMVSPPL DEC09_ENG,MOBILE PUSH,"1,59,282",16,"1,102",0.69,"1,102",4,38,0,0,12,2024,December
09-Dec-24,DL,B2C_NORM_MPN_PROFUNSECURED_ALL_NA_NA_NA_DOCTOR BASE DS XAOP_ENG,MOBILE PUSH,"30,743",3,114,0.37,114,0,2,0,0,12,2024,December
08-Dec-24,PPL, B2C_NORM_MPN_PLCSPROSPECT_ALL_NA_KD OFF NON NEG DPDMVSPPL DEC10_MLANG,MOBILE PUSH,"1,32,160",13,804,0.61,804,0,83,0,0,12,2024,December
07-Dec-24,PPL, B2C_NORM_MPN_PLCSPROSPECT_ALL_NA_KD OFF NONNEG DPDMVSPPL DEC09_ENG,MOBILE PUSH,"1,23,149",12,555,0.45,555,3,47,"2,95,926",29.5926,12,2024,December
05-Dec-24,DL,B2C_NORM_MPN_PROFUNSECURED_ALL_NA_NA_NA_DOCTOR BASE DS XAOP_ENG,MOBILE PUSH,"31,133",3,128,0.41,128,0,1,0,0,12,2024,December
03-Dec-24,DL,B2C_NORM_MPN_PROFUNSECURED_ALL_NA_NA_NA_DOCTOR BASE DS XAOP_ENG,MOBILE PUSH,"21,653",2,111,0.51,111,0,0,0,0,12,2024,December
01-Dec-24,B,DPPM_BL_OB_DPDM_SMS1,SMS,0,0,63,0,0,0,4,0,0,12,2024,December
01-Dec-24,B,DPPM_BL_OB_DPDMVSBLD_1,SMS,"2,01,884",20,"1,975",0.98,0,0,314,"45,07,924",450.7924,12,2024,December
01-Dec-24,B,DPPM_BL_OB_DPDM_SMS3,SMS,"1,72,076",17,"1,078",0.63,0,0,72,"7,89,185",78.9185,12,2024,December
01-Dec-24,B,DPPM_BL_OB_DPDM_SMS2,SMS,"3,56,754",36,"2,460",0.69,0,0,224,"23,33,254",233.3254,12,2024,December
01-Dec-24,B,DPPM_BL_OB_DPDM_SMS4,SMS,"1,34,957",13,612,0.45,0,0,18,0,0,12,2024,December
01-Dec-24,B,DPPM_BL_OB_DPDMVSBLD_3,SMS,0,0,106,0,0,0,5,0,0,12,2024,December
01-Dec-24,B,DPPM_BL_OB_DPDMVSBLD_2,SMS,0,0,117,0,0,0,5,0,0,12,2024,December
01-Dec-24,B,DPPM_BL_OB_DPDMVSBLD_4,SMS,0,0,65,0,0,0,1,0,0,12,2024,December
01-Dec-24,DL,B2C_NORM_MPN_PROFUNSECURED_ALL_NA_NA_NA_DOCTOR BASE DS XAOP_ENG,MOBILE PUSH,"22,352",2,129,0.58,129,0,1,0,0,12,2024,December
01-Dec-24,DL,B2C_NORM_MPN_PROFUNSECURED_ALL_NA_NA_NA_DOCTOR BASE DS XAOP_ENG,MOBILE PUSH,"22,506",2,158,0.7,158,0,0,0,0,12,2024,December
26-Nov-24,DL,B2C_NORM_MPN_PROFUNSECURED_ALL_NA_NA_NA_DOCTOR BASE DS XAOP_ENG,MOBILE PUSH,"22,752",2,97,0.43,97,3,0,0,0,11,2024,November
24-Nov-24,DL,B2C_NORM_MPN_PROFUNSECURED_ALL_NA_NA_NA_DOCTOR BASE DS XAOP_ENG,MOBILE PUSH,"20,925",2,113,0.54,113,0,2,0,0,11,2024,November
21-Nov-24,DL,B2C_NORM_MPN_PROFUNSECURED_ALL_NA_NA_NA_DOCTOR BASE DS XAOP_ENG,MOBILE PUSH,"22,357",2,131,0.59,131,0,0,0,0,11,2024,November
17-Nov-24,DL,B2C_NORM_MPN_PROFUNSECURED_ALL_NA_NA_NA_DOCTOR BASE DS XAOP_ENG,MOBILE PUSH,"21,947",2,98,0.45,98,0,0,0,0,11,2024,November
15-Nov-24,DL,B2C_NORM_MPN_PROFUNSECURED_ALL_NA_NA_NA_DOCTOR BASE DS XAOP_ENG,MOBILE PUSH,"20,459",2,86,0.42,86,0,1,0,0,11,2024,November
14-Nov-24,DL,B2C_NORM_MPN_PROFUNSECURED_ALL_NA_NA_NA_DOCTOR BASE DS XAOP_ENG,MOBILE PUSH,"22,325",2,107,0.48,107,0,0,0,0,11,2024,November
11-Nov-24,B,DPPM_BL_OB_DPDM_SMS1,SMS,"1,63,867",16,731,0.45,0,0,72,"4,06,772",40.6772,11,2024,November
08-Nov-24,DL,B2C_NORM_MPN_PROFUNSECURED_ALL_NA_NA_NA_DOCTOR BASE DS XAOP_ENG,MOBILE PUSH,"23,360",2,108,0.46,108,0,1,0,0,11,2024,November
06-Nov-24,DL,B2C_NORM_MPN_PROFUNSECURED_ALL_NA_NA_NA_DOCTOR BASE DS XAOP_ENG,MOBILE PUSH,"22,883",2,121,0.53,121,0,2,0,0,11,2024,November
06-Nov-24,B,B2C_NORM_MPN_DIRECTBL_ALL_NA_NA_NA_DPDMVSBLD_ENG,MOBILE PUSH,"34,823",3,939,2.7,939,0,43,0,0,11,2024,November
02-Nov-24,B,DPPM_BL_OB_DPDM_SMS3,SMS,"1,73,931",17,"1,029",0.59,0,0,94,0,0,11,2024,November
02-Nov-24,B,DPPM_BL_OB_DPDM_SMS4,SMS,0,0,671,0,0,0,22,0,0,11,2024,November
01-Nov-24,B,DPPM_BL_OB_DPDMVSBLD_1,SMS,"1,53,633",15,411,0.27,0,0,34,0,0,11,2024,November
01-Nov-24,B,DPPM_BL_OB_DPDM_SMS2,SMS,"3,17,596",32,"1,574",0.5,0,0,150,0,0,11,2024,November
01-Nov-24,B,DPPM_BL_OB_DPDMVSBLD_3,SMS,"1,84,801",18,"1,333",0.72,0,0,89,"10,19,654",101.9654,11,2024,November
01-Nov-24,B,DPPM_BL_OB_DPDMVSBLD_2,SMS,"3,13,285",31,"2,419",0.77,0,0,270,"19,05,989",190.5989,11,2024,November
01-Nov-24,B,DPPM_BL_OB_DPDMVSBLD_4,SMS,"1,32,325",13,889,0.67,0,0,36,0,0,11,2024,November
01-Nov-24,DL,B2C_NORM_MPN_PROFUNSECURED_ALL_NA_DOCTOR BASE DS XAOP_ENG,MOBILE PUSH,4,0,0,0,0,0,0,0,0,11,2024,November
01-Nov-24,DL,B2C_NORM_MPN_PROFUNSECURED_ALL_NA_DOCTOR BASE DS XAOP_ENG,MOBILE PUSH,185,0,4,2.16,4,0,0,0,0,11,2024,November
01-Nov-24,DL,B2C_NORM_MPN_PROFUNSECURED_ALL_NA_DOCTOR BASE DS XAOP_ENG,MOBILE PUSH,"23,898",2,123,0.51,123,0,0,0,0,11,2024,November
01-Nov-24,DL,B2C_NORM_MPN_PROFUNSECURED_ALL_NA_DOCTOR BASE DS XAOP_ENG,MOBILE PUSH,"21,499",2,129,0.6,129,0,1,0,0,11,2024,November
29-Oct-24,PPL, B2C_NORM_MPN_PLCSPROSPECT_ALL_NA_KD NOOFF POS H FOC DPDMNSPPL OCT30_ENG,MOBILE PUSH,"46,189",5,302,0.65,302,1,3,0,0,10,2024,October
29-Oct-24,PPL,B2C_NORM_MPN_PLCSPROSPECT_ALL_NA_KD OFF NONNEG L DPDMNSPPL OCT30_ENG,MOBILE PUSH,"85,526",9,369,0.43,369,6,9,0,0,10,2024,October
29-Oct-24,PPL, B2C_NORM_MPN_PLCSPROSPECT_ALL_NA_KD NOOFF POS L SEMP DPDMNSPPL OCT30_ENG,MOBILE PUSH,"2,09,503",21,"1,049",0.5,"1,049",15,16,0,0,10,2024,October
29-Oct-24,PPL, B2C_NORM_MPN_PLCSPROSPECT_ALL_NA_KD OFF NONNEG H DPDMNSPPL OCT30_ENG,MOBILE PUSH,"23,037",2,86,0.37,86,2,2,0,0,10,2024,October
28-Oct-24,PPL, B2C_NORM_MPN_PLCSPROSPECT_ALL_NA_KD NOOFF POS L SAL DPDMNSPPL OCT30_ENG,MOBILE PUSH,"3,09,034",31,"1,555",0.5,"1,555",17,38,0,0,10,2024,October
27-Oct-24,PPL, B2C_NORM_MPN_PLCSPROSPECT_ALL_NA_KD NOOFF POS H NONFOCSAL DPDMNSPPL OCT30_ENG,MOBILE PUSH,"97,145",10,576,0.59,576,2,19,0,0,10,2024,October
25-Oct-24,DL,B2C_NORM_MPN_PROFUNSECURED_ALL_NA_DOCTOR BASE DS XAOP_ENG,MOBILE PUSH,"24,235",2,93,0.38,93,0,0,0,0,10,2024,October
20-Oct-24,DL,B2C_NORM_MPN_PROFUNSECURED_ALL_NA_DOCTOR BASE DS XAOP_ENG,MOBILE PUSH,"16,311",2,89,0.55,89,0,0,0,0,10,2024,October
20-Oct-24,PPL, B2C_NORM_MPN_PLCSPROSPECT_ALL_NA_KD NOOFF POS H NONFOCSAL DPDMNSPPL OCT21_ENG,MOBILE PUSH,"73,217",7,598,0.82,598,5,18,0,0,10,2024,October
20-Oct-24,PPL, B2C_NORM_MPN_PLCSPROSPECT_ALL_NA_KD OFF NONNEG H DPDMNSPPL OCT21_ENG,MOBILE PUSH,"20,748",2,114,0.55,114,0,1,0,0,10,2024,October
20-Oct-24,PPL,B2C_NORM_MPN_PLCSPROSPECT_ALL_NA_KD OFF NONNEG L DPDMNSPPL OCT21_MLANG,MOBILE PUSH,"76,900",8,613,0.8,613,11,26,0,0,10,2024,October
20-Oct-24,PPL, B2C_NORM_MPN_PLCSPROSPECT_ALL_NA_KD NOOFF POS H FOC DPDMNSPPL OCT21_ENG,MOBILE PUSH,"37,268",4,307,0.82,307,0,10,0,0,10,2024,October
20-Oct-24,PPL, B2C_NORM_MPN_PLCSPROSPECT_ALL_NA_KD NOOFF POS L SAL DPDMNSPPL OCT21_MLANG,MOBILE PUSH,"2,51,889",25,"2,732",1.08,"2,732",20,128,"1,04,269",10.4269,10,2024,October
20-Oct-24,PPL, B2C_NORM_MPN_PLCSPROSPECT_ALL_NA_KD NOOFF POS H NONFOCSEMP DPDMNSPPL OCT21_ENG,MOBILE PUSH,"1,00,255",10,769,0.77,769,11,13,0,0,10,2024,October
19-Oct-24,PPL, B2C_NORM_MPN_PLCSPROSPECT_ALL_NA_KD NOOFF POS L SEMP DPDMNSPPL OCT21_MLANG,MOBILE PUSH,"1,71,901",17,"1,987",1.16,"1,987",7,66,"4,58,549",45.8549,10,2024,October
18-Oct-24,B,B2C_NORM_MPN_DIRECTBL_ALL_NA_PSBLGST_23SEP_ENG,MOBILE PUSH,1,0,1,0,1,0,0,0,0,10,2024,October
17-Oct-24,DL,B2C_NORM_MPN_PROFUNSECURED_ALL_NA_DOCTOR BASE DS XAOP_ENG,MOBILE PUSH,"20,118",2,100,0.5,100,2,2,0,0,10,2024,October
15-Oct-24,DL,B2C_NORM_MPN_PROFUNSECURED_ALL_NA_DOCTOR BASE DS XAOP_ENG,MOBILE PUSH,"25,358",3,115,0.45,115,0,0,0,0,10,2024,October
14-Oct-24,PPL, B2C_NORM_MPN_PLCSPROSPECT_ALL_NA_KD NOOFF POS H NONFOCSAL DPDMNSPPL OCT15_MLANG,MOBILE PUSH,"86,344",9,"1,114",1.29,"1,114",2,56,0,0,10,2024,October
14-Oct-24,PPL, B2C_NORM_MPN_PLCSPROSPECT_ALL_NA_KD NOOFF POS H FOC DPDMNSPPL OCT15_MLANG,MOBILE PUSH,"35,773",4,397,1.11,397,0,11,0,0,10,2024,October
14-Oct-24,PPL, B2C_NORM_MPN_PLCSPROSPECT_ALL_NA_KD NOOFF POS H NONFOCSEMP DPDMNSPPL OCT15_MLANG,MOBILE PUSH,"1,05,391",11,"1,381",1.31,"1,381",2,58,0,0,10,2024,October
14-Oct-24,PPL, B2C_NORM_MPN_PLCSPROSPECT_ALL_NA_KD NOOFF POS H FOC DPDMNSPPL OCT15_MLANG,MOBILE PUSH,"30,425",3,416,1.37,416,0,17,0,0,10,2024,October
13-Oct-24,DL,B2C_NORM_MPN_PROFUNSECURED_ALL_NA_DOCTOR BASE DS XAOP_ENG,MOBILE PUSH,"25,776",3,138,0.54,138,0,1,0,0,10,2024,October
10-Oct-24,DL,B2C_NORM_MPN_PROFUNSECURED_ALL_NA_DOCTOR BASE DS XAOP_ENG,MOBILE PUSH,"22,592",2,101,0.45,101,0,0,0,0,10,2024,October
10-Oct-24,PPL, B2C_NORM_MPN_PLCSPROSPECT_ALL_NA_KD NOOFF POS H NONFOCSAL DPDMNSPPL OCT11_ENG,MOBILE PUSH,"32,065",3,195,0.61,195,0,8,0,0,10,2024,October
10-Oct-24,PPL, B2C_NORM_MPN_PLCSPROSPECT_ALL_NA_KD OFF NONNEG H DPDMNSPPL OCT11_ENG,MOBILE PUSH,"8,850",1,47,0.53,47,0,3,0,0,10,2024,October
10-Oct-24,PPL, B2C_NORM_MPN_PLCSPROSPECT_ALL_NA_KD NOOFF POS H NONFOCSEMP DPDMNSPPL OCT11_ENG,MOBILE PUSH,"41,989",4,242,0.58,242,0,2,0,0,10,2024,October
10-Oct-24,PPL, B2C_NORM_MPN_PLCSPROSPECT_ALL_NA_KD NOOFF POS H FOC DPDMNSPPL OCT11_ENG,MOBILE PUSH,"15,016",2,96,0.64,96,1,0,0,0,10,2024,October
10-Oct-24,PPL,B2C_NORM_MPN_PLCSPROSPECT_ALL_NA_KD OFF NONNEG L DPDMNSPPL OCT11_MLANG,MOBILE PUSH,"33,612",3,221,0.66,221,1,10,0,0,10,2024,October
10-Oct-24,PPL, B2C_NORM_MPN_PLCSPROSPECT_ALL_NA_KD NOOFF POS L SEMP DPDMNSPPL OCT11_MLANG,MOBILE PUSH,"67,272",7,611,0.91,611,1,14,0,0,10,2024,October
10-Oct-24,PPL, B2C_NORM_MPN_PLCSPROSPECT_ALL_NA_KD NOOFF POS L SAL DPDMNSPPL OCT11_MLANG,MOBILE PUSH,"91,568",9,772,0.84,772,1,41,0,0,10,2024,October
08-Oct-24,DL,B2C_NORM_MPN_PROFUNSECURED_ALL_NA_DOCTOR BASE DS XAOP_ENG,MOBILE PUSH,"24,854",2,100,0.4,100,0,1,0,0,10,2024,October
07-Oct-24,PPL, B2C_NORM_MPN_PLCSPROSPECT_ALL_NA_KD NOOFF POS H FOC DPDMNSPPL OCT08_ENG,MOBILE PUSH,"39,361",4,341,0.87,341,1,13,"1,46,470",14.647,10,2024,October
07-Oct-24,PPL, B2C_NORM_MPN_PLCSPROSPECT_ALL_NA_KD NOOFF POS H NONFOCSEMP DPDMNSPPL OCT02_ENG,MOBILE PUSH,"1,05,574",11,755,0.72,755,2,26,0,0,10,2024,October
07-Oct-24,PPL, B2C_NORM_MPN_PLCSPROSPECT_ALL_NA_KD OFF NONNEG H DPDMNSPPL OCT08_ENG,MOBILE PUSH,"21,576",2,99,0.46,99,1,5,0,0,10,2024,October
07-Oct-24,PPL, B2C_NORM_MPN_PLCSPROSPECT_ALL_NA_KD NOOFF POS H NONFOCSAL DPDMNSPPL OCT08_ENG,MOBILE PUSH,"83,865",8,651,0.78,651,2,28,0,0,10,2024,October
06-Oct-24,DL,B2C_NORM_MPN_PROFUNSECURED_ALL_NA_DOCTOR BASE DS XAOP_ENG,MOBILE PUSH,"25,561",3,139,0.54,139,0,0,0,0,10,2024,October
05-Oct-24,PPL, B2C_NORM_MPN_PLCSPROSPECT_ALL_NA_KD NOOFF POS L SEMP DPDMNSPPL SEP04_ENG,MOBILE PUSH,1,0,0,0,0,0,0,0,0,10,2024,October
04-Oct-24,DL,B2C_NORM_MPN_PROFUNSECURED_ALL_NA_DOCTOR BASE DS XAOP_ENG,MOBILE PUSH,"23,485",2,125,0.53,125,0,1,0,0,10,2024,October
03-Oct-24,DL,B2C_NORM_MPN_PROFUNSECURED_ALL_NA_DOCTOR BASE DS XAOP_ENG,MOBILE PUSH,1,0,1,100,1,0,0,0,0,10,2024,October
03-Oct-24,PPL, B2C_NORM_MPN_PLCSPROSPECT_ALL_NA_KD NOOFF POS H FOC DPDMNSPPL OCT04_MLANG,MOBILE PUSH,"19,102",2,193,1.01,193,0,8,0,0,10,2024,October
03-Oct-24,PPL, B2C_NORM_MPN_PLCSPROSPECT_ALL_NA_KD NOOFF POS H NONFOCSEMP DPDMNSPPL OCT04_MLANG,MOBILE PUSH,"53,465",5,663,1.24,663,1,16,0,0,10,2024,October
03-Oct-24,PPL, B2C_NORM_MPN_PLCSPROSPECT_ALL_NA_KD NOOFF POS H FOC DPDMNSPPL OCT04_MLANG,MOBILE PUSH,"9,035",1,110,1.22,110,0,3,0,0,10,2024,October
03-Oct-24,PPL, B2C_NORM_MPN_PLCSPROSPECT_ALL_NA_KD NOOFF POS H NONFOCSAL DPDMNSPPL OCT04_MLANG,MOBILE PUSH,"42,667",4,521,1.22,521,0,23,0,0,10,2024,October
03-Oct-24,PPL, B2C_NORM_MPN_PLCSPROSPECT_ALL_NA_KD NOOFF POS L SAL DPDMNSPPL OCT04_MLANG,MOBILE PUSH,"1,28,091",13,"1,323",1.03,"1,323",2,63,"74,125",7.4125,10,2024,October
03-Oct-24,PPL, B2C_NORM_MPN_PLCSPROSPECT_ALL_NA_KD NOOFF POS L SEMP DPDMNSPPL OCT04_MLANG,MOBILE PUSH,"85,984",9,920,1.07,920,1,24,0,0,10,2024,October
03-Oct-24,PPL,B2C_NORM_MPN_PLCSPROSPECT_ALL_NA_KD OFF NONNEG L DPDMNSPPL OCT04_MLANG,MOBILE PUSH,"40,224",4,289,0.72,289,2,13,0,0,10,2024,October
02-Oct-24,B,DPPM_BL_OB_DPDM_SMS4,SMS,0,0,48,0,0,0,2,0,0,10,2024,October
02-Oct-24,DL,B2C_NORM_MPN_PROFUNSECURED_ALL_NA_DOCTOR BASE DS XAOP_ENG,MOBILE PUSH,"69,473",7,390,0.56,390,0,7,"16,74,316",167.4316,10,2024,October
01-Oct-24,B,DPPM_BL_OB_DPDMVSBLD_1,SMS,"1,42,249",14,414,0.29,0,0,38,0,0,10,2024,October
01-Oct-24,B,DPPM_BL_OB_DPDM_SMS3,SMS,0,0,52,0,0,0,4,0,0,10,2024,October
01-Oct-24,B,DPPM_BL_OB_DPDM_SMS2,SMS,0,0,73,0,0,0,4,0,0,10,2024,October
01-Oct-24,B,DPPM_BL_OB_DPDMVSBLD_3,SMS,"1,62,051",16,"1,358",0.84,0,0,108,0,0,10,2024,October
01-Oct-24,B,DPPM_BL_OB_DPDMVSBLD_2,SMS,"2,79,205",28,860,0.31,0,0,43,0,0,10,2024,October
01-Oct-24,B,DPPM_BL_OB_DPDMVSBLD_4,SMS,"1,19,542",12,811,0.68,0,0,40,0,0,10,2024,October
01-Oct-24,PPL, B2C_NORM_MPN_PLCSPROSPECT_ALL_NA_KD NOOFF SE H AUG28_MLANG,MOBILE PUSH,1,0,1,100,1,0,0,0,0,10,2024,October
01-Oct-24,DL,B2C_NORM_MPN_PROFUNSECURED_ALL_NA_DOCTOR BASE DS XAOP_ENG,MOBILE PUSH,"76,472",8,410,0.54,410,0,11,"29,92,538",299.2538,10,2024,October
01-Oct-24,DL,B2C_NORM_MPN_PROFUNSECURED_ALL_NA_DOCTOR BASE DS XAOP_ENG,MOBILE PUSH,"67,865",7,321,0.47,321,1,4,0,0,10,2024,October
01-Oct-24,PPL, B2C_NORM_MPN_PLCSPROSPECT_ALL_NA_KD NOOFF POS H FOC DPDMNSPPL OCT02_ENG,MOBILE PUSH,"32,207",3,379,1.18,379,0,15,0,0,10,2024,October
01-Oct-24,PPL, B2C_NORM_MPN_PLCSPROSPECT_ALL_NA_KD OFF NONNEG H DPDMNSPPL SEP02_ENG,MOBILE PUSH,"20,026",2,128,0.64,128,0,5,0,0,10,2024,October
01-Oct-24,PPL, B2C_NORM_MPN_PLCSPROSPECT_ALL_NA_KD NOOFF POS H NONFOCSEMP DPDMNSPPL OCT02_ENG,MOBILE PUSH,"87,723",9,"1,000",1.14,"1,000",0,28,"55,493",5.5493,10,2024,October
01-Oct-24,PPL, B2C_NORM_MPN_PLCSPROSPECT_ALL_NA_KD NOOFF POS H NONFOCSAL DPDMNSPPL OCT02_ENG,MOBILE PUSH,"65,900",7,710,1.08,710,2,45,"1,28,407",12.8407,10,2024,October
30-Sep-24,PPL, B2C_NORM_MPN_PLCSPROSPECT_ALL_NA_KD NOOFF POS H FOC DPDMNSPPL SEP30_MLANG,MOBILE PUSH,"18,540",2,215,1.16,215,2,7,0,0,9,2024,September
30-Sep-24,PPL, B2C_NORM_MPN_PLCSPROSPECT_ALL_NA_KD NOOFF POS H NONFOCSEMP DPDMNSPPL SEP30_MLANG,MOBILE PUSH,"67,871",7,881,1.3,881,11,23,0,0,9,2024,September
30-Sep-24,PPL, B2C_NORM_MPN_PLCSPROSPECT_ALL_NA_KD NOOFF POS H FOC DPDMNSPPL SEP30_MLANG,MOBILE PUSH,"21,051",2,232,1.1,232,2,7,0,0,9,2024,September
29-Sep-24,PPL, B2C_NORM_MPN_PLCSPROSPECT_ALL_NA_KD NOOFF POS H NONFOCSAL DPDMNSPPL SEP30_MLANG,MOBILE PUSH,"56,974",6,845,1.48,845,5,38,"2,41,032",24.1032,9,2024,September
26-Sep-24,PPL, B2C_NORM_MPN_PLCSPROSPECT_ALL_NA_KD NOOFF POS H NONFOCSEMP DPDMNSPPL SEP27_MLANG,MOBILE PUSH,"1,21,101",12,"1,459",1.2,"1,459",17,40,0,0,9,2024,September
26-Sep-24,PPL, B2C_NORM_MPN_PLCSPROSPECT_ALL_NA_KD NOOFF POS H FOC DPDMNSPPL SEP27_MLANG,MOBILE PUSH,"38,861",4,398,1.02,398,8,25,0,0,9,2024,September
26-Sep-24,PPL, B2C_NORM_MPN_PLCSPROSPECT_ALL_NA_KD NOOFF POS H NONFOCSAL DPDMNSPPL SEP27_MLANG,MOBILE PUSH,"98,467",10,"1,265",1.28,"1,265",17,68,0,0,9,2024,September
26-Sep-24,PPL, B2C_NORM_MPN_PLCSPROSPECT_ALL_NA_KD OFF NONNEG H DPDMNSPPL SEP27_MLANG,MOBILE PUSH,"17,139",2,116,0.68,116,0,9,0,0,9,2024,September
26-Sep-24,PPL, B2C_NORM_MPN_PLCSPROSPECT_ALL_NA_KD NOOFF POS H FOC DPDMNSPPL SEP27_MLANG,MOBILE PUSH,"32,760",3,449,1.37,449,3,20,0,0,9,2024,September
23-Sep-24,DL,B2C_NORM_MPN_PROFUNSECURED_ALL_NA_DOCTOR BASE DS XAOP_ENG,MOBILE PUSH,"69,425",7,410,0.59,410,0,7,"9,52,865",95.2865,9,2024,September
22-Sep-24,PPL, B2C_NORM_MPN_PLCSPROSPECT_ALL_NA_KD NOOFF POS H NONFOCSAL DPDMNSPPL SEP23_MLANG,MOBILE PUSH,"54,056",5,554,1.02,554,17,22,0,0,9,2024,September
22-Sep-24,PPL, B2C_NORM_MPN_PLCSPROSPECT_ALL_NA_KD NOOFF POS H FOC DPDMNSPPL SEP23_MLANG,MOBILE PUSH,"27,897",3,258,0.92,258,8,5,0,0,9,2024,September
22-Sep-24,PPL, B2C_NORM_MPN_PLCSPROSPECT_ALL_NA_KD OFF NONNEG H DPDMNSPPL SEP23_MLANG,MOBILE PUSH,"15,381",2,100,0.65,100,3,7,0,0,9,2024,September
22-Sep-24,PPL, B2C_NORM_MPN_PLCSPROSPECT_ALL_NA_KD NOOFF POS H FOC DPDMNSPPL SEP23_MLANG,MOBILE PUSH,"10,845",1,108,1,108,2,5,0,0,9,2024,September
21-Sep-24,DL,B2C_NORM_MPN_PROFUNSECURED_ALL_NA_DOCTOR BASE DS XAOP_ENG,MOBILE PUSH,1,0,0,0,0,0,0,0,0,9,2024,September
21-Sep-24,B,B2C_NORM_MPN_DIRECTBL_ALL_NA_PSBLGST_23SEP_ENG,MOBILE PUSH,0,0,"4,753",0,"4,753",0,143,0,0,9,2024,September
21-Sep-24,PPL, B2C_NORM_MPN_PLCSPROSPECT_ALL_NA_KD NOOFF POS H NONFOCSEMP DPDMNSPPL SEP23_MLANG,MOBILE PUSH,"72,736",7,737,1.01,737,20,14,"1,41,266",14.1266,9,2024,September
19-Sep-24,PPL,DPPM_PPL_OB_MODEL_H_SMS_L_DPDMVSPPL,SMS,"98,947",10,246,0.25,0,0,22,0,0,9,2024,September
19-Sep-24,PPL, B2C_NORM_MPN_PLCSPROSPECT_ALL_NA_KD NOOFF POS L SAL DPDMNSPPL SEP20_MLANG,MOBILE PUSH,"1,96,754",20,"1,602",0.81,"1,602",23,75,"2,11,858",21.1858,9,2024,September
18-Sep-24,PPL, B2C_NORM_MPN_PLCSPROSPECT_ALL_NA_KD NOOFF POS H NONFOCSEMP DPDMNSPPL SEP18_ENG,MOBILE PUSH,"76,997",8,650,0.84,650,26,22,0,0,9,2024,September
18-Sep-24,DL,B2C_NORM_MPN_PROFUNSECURED_ALL_NA_DOCTOR BASE DS XAOP_ENG,MOBILE PUSH,"60,762",6,345,0.57,345,1,7,0,0,9,2024,September
18-Sep-24,PPL, B2C_NORM_MPN_PLCSPROSPECT_ALL_NA_KD OFF NONNEG H DPDMNSPPL SEP19_MLANG,MOBILE PUSH,"19,511",2,135,0.69,135,2,11,0,0,9,2024,September
18-Sep-24,PPL, B2C_NORM_MPN_PLCSPROSPECT_ALL_NA_KD NOOFF POS H NONFOCSEMP DPDMNSPPL SEP19_MLANG,MOBILE PUSH,"80,807",8,733,0.91,733,26,17,"1,47,057",14.7057,9,2024,September
18-Sep-24,PPL, B2C_NORM_MPN_PLCSPROSPECT_ALL_NA_KD NOOFF POS H NONFOCSAL DPDMNSPPL SEP19_MLANG,MOBILE PUSH,"57,721",6,567,0.98,567,13,18,"1,77,698",17.7698,9,2024,September
18-Sep-24,PPL, B2C_NORM_MPN_PLCSPROSPECT_ALL_NA_KD NOOFF POS L SEMP DPDMNSPPL SEP20_MLANG,MOBILE PUSH,"1,40,016",14,"1,203",0.86,"1,203",21,38,0,0,9,2024,September
17-Sep-24,PPL, B2C_NORM_AIB_PLCSPROSPECT_ALL_NA_KD OFF NONNEG H DPDMNSPPL SEP17_ENG,MOBILE PUSH,3,0,3,100,3,0,1,0,0,9,2024,September
17-Sep-24,PPL, B2C_NORM_AIB_PLCSPROSPECT_ALL_NA_KD NOOFF POS H FOC DPDMNSPPL SEP17_ENG,MOBILE PUSH,4,0,4,100,4,0,0,0,0,9,2024,September
17-Sep-24,PPL, B2C_NORM_AIB_PLCSPROSPECT_ALL_NA_KD NOOFF POS H NONFOCSEMP DPDMNSPPL SEP17_ENG,MOBILE PUSH,5,0,5,100,5,0,0,0,0,9,2024,September
17-Sep-24,PPL, B2C_NORM_AIB_PLCSPROSPECT_ALL_NA_KD NOOFF POS H NONFOCSAL DPDMNSPPL SEP17_ENG,MOBILE PUSH,14,0,14,100,14,0,2,0,0,9,2024,September
17-Sep-24,PPL, B2C_NORM_AIB_PLCSPROSPECT_ALL_NA_KD OFF NONNEG L DPDMNSPPL SEP17_ENG,MOBILE PUSH,8,0,8,100,8,0,4,0,0,9,2024,September
17-Sep-24,PPL, B2C_NORM_AIB_PLCSPROSPECT_ALL_NA_KD NOOFF POS L SEMP DPDMNSPPL SEP17_ENG,MOBILE PUSH,6,0,6,100,6,0,0,0,0,9,2024,September
17-Sep-24,PPL, B2C_NORM_AIB_PLCSPROSPECT_ALL_NA_KD NOOFF POS L SAL DPDMNSPPL SEP17_ENG,MOBILE PUSH,22,0,22,100,22,0,7,0,0,9,2024,September
17-Sep-24,PPL, B2C_NORM_MPN_PLCSPROSPECT_ALL_NA_KD OFF NONNEG H DPDMNSPPL SEP09_ENG,MOBILE PUSH,"18,711",2,109,0.58,109,5,3,0,0,9,2024,September
17-Sep-24,PPL, B2C_NORM_MPN_PLCSPROSPECT_ALL_NA_KD NOOFF POS H FOC DPDMNSPPL SEP18_ENG,MOBILE PUSH,"28,912",3,229,0.79,229,5,8,0,0,9,2024,September
17-Sep-24,PPL, B2C_NORM_MPN_PLCSPROSPECT_ALL_NA_KD NOOFF POS H NONFOCSAL DPDMNSPPL SEP18_ENG,MOBILE PUSH,"55,615",6,552,0.99,552,9,20,0,0,9,2024,September
17-Sep-24,PPL, B2C_NORM_MPN_PLCSPROSPECT_ALL_NA_KD NOOFF POS H FOC DPDMNSPPL SEP19_MLANG,MOBILE PUSH,"30,363",3,279,0.92,279,4,8,0,0,9,2024,September
17-Sep-24,PPL,B2C_NORM_MPN_PLCSPROSPECT_ALL_NA_KD OFF NONNEG L DPDMNSPPL SEP19_MLANG,MOBILE PUSH,"70,947",7,439,0.62,439,13,25,0,0,9,2024,September
16-Sep-24,PPL,DPPM_PPL_OB_MODEL_H_SMS_L_m_pplmhsl_16_09_00_DPDMVSPPL,SMS,"46,900",5,453,0.97,0,0,26,0,0,9,2024,September
15-Sep-24,DL,B2C_NORM_MPN_PROFUNSECURED_ALL_NA_DOCTOR BASE DS XAOP_ENG,MOBILE PUSH,"60,254",6,338,0.56,338,1,9,0,0,9,2024,September
14-Sep-24,PPL, B2C_NORM_MPN_PLCSPROSPECT_ALL_NA_KD NOOFF SE L AUG28_MLANG,MOBILE PUSH,1,0,0,0,0,0,0,0,0,9,2024,September
13-Sep-24,PPL,DPPM_PPL_OB_MODEL_H_SMS_NA_m_pplmhsna_13_09_00_DPDMVSPPL,SMS,"25,014",3,343,1.37,0,0,23,0,0,9,2024,September
13-Sep-24,DL,B2C_NORM_MPN_PROFUNSECURED_ALL_NA_DOCTOR BASE DS XAOP_ENG,MOBILE PUSH,"55,937",6,306,0.55,306,0,4,0,0,9,2024,September
10-Sep-24,PPL,DPPM_PPL_OB_MODEL_L_SMS_HM_DPDMVSPPL,SMS,"1,70,396",17,"4,055",2.38,0,0,91,"1,08,432",10.8432,9,2024,September
10-Sep-24,DL,B2C_NORM_MPN_PROFUNSECURED_ALL_NA_DOCTOR BASE DS XAOP_ENG,MOBILE PUSH,"53,024",5,351,0.66,351,0,6,0,0,9,2024,September
09-Sep-24,PPL,DPPM_PPL_OB_MODEL_H_SMS_HM_m_pplmhshm_09_09_00_DPDMVSPPL,SMS,"25,914",3,418,1.61,0,0,39,0,0,9,2024,September
09-Sep-24,PPL,DPPM_PPL_OB_MODEL_H_SMS_HM_DPDMVSPPL,SMS,"92,985",9,"2,949",3.17,0,0,28,"2,06,843",20.6843,9,2024,September
08-Sep-24,PPL, B2C_NORM_MPN_PLCSPROSPECT_ALL_NA_KD OFF NONNEG H DPDMNSPPL SEP09_ENG,MOBILE PUSH,"21,298",2,113,0.53,113,0,3,0,0,9,2024,September
08-Sep-24,PPL, B2C_NORM_MPN_PLCSPROSPECT_ALL_NA_KD NOOFF POS H FOC DPDMNSPPL SEP09_ENG,MOBILE PUSH,"32,587",3,207,0.64,207,0,3,0,0,9,2024,September
08-Sep-24,PPL, B2C_NORM_MPN_PLCSPROSPECT_ALL_NA_KD NOOFF POS H NONFOCSEMP DPDMNSPPL SEP09_ENG,MOBILE PUSH,"81,560",8,524,0.64,524,0,7,0,0,9,2024,September
08-Sep-24,PPL, B2C_NORM_MPN_PLCSPROSPECT_ALL_NA_KD NOOFF POS H NONFOCSAL DPDMNSPPL SEP09_ENG,MOBILE PUSH,"60,831",6,337,0.55,337,0,5,0,0,9,2024,September
08-Sep-24,PPL, B2C_NORM_MPN_PLCSPROSPECT_ALL_NA_KD NOOFF POS L SEMP DPDMNSPPL SEP09_ENG,MOBILE PUSH,"1,47,486",15,856,0.58,856,3,11,0,0,9,2024,September
08-Sep-24,PPL, B2C_NORM_MPN_PLCSPROSPECT_ALL_NA_KD NOOFF POS L SAL DPDMNSPPL SEP09_ENG,MOBILE PUSH,"2,01,855",20,"1,089",0.54,"1,089",3,15,0,0,9,2024,September
07-Sep-24,PPL, B2C_NORM_MPN_PLCSPROSPECT_ALL_NA_KD NOOFF SE L AUG22_MLANG,MOBILE PUSH,2,0,0,0,0,0,0,0,0,9,2024,September
07-Sep-24,PPL, B2C_NORM_MPN_PLCSPROSPECT_ALL_NA_KD OFF NONNEG L DPDMNSPPL SEP09_ENG,MOBILE PUSH,"78,091",8,376,0.48,376,4,10,0,0,9,2024,September
06-Sep-24,DL,B2C_NORM_MPN_PROFUNSECURED_ALL_NA_DOCTOR BASE DS XAOP_ENG,MOBILE PUSH,"52,992",5,271,0.51,271,0,3,0,0,9,2024,September
06-Sep-24,PPL, B2C_NORM_MPN_PLCSPROSPECT_ALL_NA_KD OFF NONNEG H DPDMNSPPL SEP0_ENG,MOBILE PUSH,"14,631",1,76,0.52,76,0,0,0,0,9,2024,September
06-Sep-24,PPL, B2C_NORM_MPN_PLCSPROSPECT_ALL_NA_KD NOOFF POS H FOC DPDMNSPPL SEP07_ENG,MOBILE PUSH,"19,596",2,95,0.48,95,2,2,0,0,9,2024,September
06-Sep-24,PPL, B2C_NORM_MPN_PLCSPROSPECT_ALL_NA_KD NOOFF POS H NONFOCSEMP DPDMNSPPL SEP07_ENG,MOBILE PUSH,"45,296",5,281,0.62,281,2,5,0,0,9,2024,September
06-Sep-24,PPL, B2C_NORM_MPN_PLCSPROSPECT_ALL_NA_KD NOOFF POS H NONFOCSAL DPDMNSPPL SEP07_ENG,MOBILE PUSH,"33,491",3,190,0.57,190,0,3,0,0,9,2024,September
04-Sep-24,PPL, B2C_NORM_MPN_PLCSPROSPECT_ALL_NA_KD NOOFF SAL H AUG22_MLANG,MOBILE PUSH,1,0,0,0,0,0,0,0,0,9,2024,September
04-Sep-24,PPL, B2C_NORM_MPN_PLCSPROSPECT_ALL_NA_KD NOOFF SE H AUG22_MLANG,MOBILE PUSH,1,0,0,0,0,0,0,0,0,9,2024,September
04-Sep-24,DL,B2C_NORM_MPN_PROFUNSECURED_ALL_NA_DOCTOR BASE DS XAOP_ENG,MOBILE PUSH,"62,382",6,431,0.69,431,0,11,"9,44,283",94.4283,9,2024,September
03-Sep-24,B,DPPM_BL_OB_DPDM_SMS4,SMS,"1,27,340",13,"1,010",0.79,0,0,40,0,0,9,2024,September
03-Sep-24,PPL, B2C_NORM_MPN_PLCSPROSPECT_ALL_NA_KD OFF NONNEG L DPDMNSPPL SEP04_ENG,MOBILE PUSH,"81,118",8,489,0.6,489,1,12,0,0,9,2024,September
03-Sep-24,PPL, B2C_NORM_MPN_PLCSPROSPECT_ALL_NA_KD NOOFF POS L SAL DPDMNSPPL SEP03_ENG,MOBILE PUSH,"2,18,377",22,"1,635",0.75,"1,635",2,49,0,0,9,2024,September
02-Sep-24,B,DPPM_BL_OB_DPDM_SMS1,SMS,"1,77,011",18,12,0.01,0,0,0,0,0,9,2024,September
02-Sep-24,B,DPPM_BL_OB_DPDM_SMS3,SMS,"1,60,566",16,"1,609",1,0,0,110,0,0,9,2024,September
02-Sep-24,B,DPPM_BL_OB_DPDMVSBLD_4,SMS,0,0,786,0,0,0,17,0,0,9,2024,September
02-Sep-24,PPL, B2C_NORM_MPN_PLCSPROSPECT_ALL_NA_KD NOOFF FOC H AUG28_MLANG,MOBILE PUSH,2,0,2,100,2,0,0,0,0,9,2024,September
02-Sep-24,PPL, B2C_NORM_MPN_PLCSPROSPECT_ALL_NA_KD NOOFF POS H NONFOCSAL DPDMNSPPL SEP03_ENG,MOBILE PUSH,"59,612",6,677,1.14,677,1,28,"1,37,776",13.7776,9,2024,September
02-Sep-24,PPL, B2C_NORM_MPN_PLCSPROSPECT_ALL_NA_KD NOOFF POS H NONFOCSEMP DPDMNSPPL SEP03_ENG,MOBILE PUSH,"77,471",8,901,1.16,901,5,29,0,0,9,2024,September
02-Sep-24,PPL, B2C_NORM_MPN_PLCSPROSPECT_ALL_NA_KD OFF NONNEG H DPDMNSPPL SEP02_ENG,MOBILE PUSH,"17,751",2,123,0.69,123,1,13,0,0,9,2024,September
02-Sep-24,PPL, B2C_NORM_MPN_PLCSPROSPECT_ALL_NA_KD NOOFF POS H FOC DPDMNSPPL SEP03_ENG,MOBILE PUSH,"28,532",3,329,1.15,329,0,9,0,0,9,2024,September
01-Sep-24,B,DPPM_BL_OB_AFFI_SMS2,SMS,0,0,23,0,0,0,0,0,0,9,2024,September
01-Sep-24,B,DPPM_BL_OB_DPDMVSBLD_1,SMS,0,0,"1,212",0,0,0,100,0,0,9,2024,September
01-Sep-24,B,DPPM_BL_OB_DPDM_SMS2,SMS,"2,99,677",30,"2,498",0.83,0,0,188,0,0,9,2024,September
01-Sep-24,B,DPPM_BL_OB_DPDMVSBLD_3,SMS,0,0,"1,335",0,0,0,51,0,0,9,2024,September
01-Sep-24,B,DPPM_BL_OB_DPDMVSBLD_2,SMS,0,0,"1,812",0,0,0,81,0,0,9,2024,September
01-Sep-24,PPL, B2C_NORM_MPN_PLCSPROSPECT_ALL_NA_KD NOOFF SAL L AUG28_MLANG,MOBILE PUSH,3,0,1,33.33,1,0,0,0,0,9,2024,September
01-Sep-24,PPL, B2C_NORM_MPN_PLCSPROSPECT_ALL_NA_KD NOOFF SAL H AUG28_MLANG,MOBILE PUSH,1,0,1,100,1,1,0,0,0,9,2024,September
01-Sep-24,PPL, B2C_NORM_MPN_PLCSPROSPECT_ALL_NA_KD OFF L AUG27_MLANG,MOBILE PUSH,3,0,3,100,3,0,0,0,0,9,2024,September
01-Sep-24,DL,B2C_NORM_MPN_PROFUNSECURED_ALL_NA_DOCTOR BASE DS XAOP_ENG,MOBILE PUSH,208,0,6,2.88,6,0,1,0,0,9,2024,September
01-Sep-24,DL,B2C_NORM_MPN_PROFUNSECURED_ALL_NA_DOCTOR BASE DS XAOP_ENG,MOBILE PUSH,"60,288",6,372,0.62,372,1,3,"15,45,799",154.5799,9,2024,September
01-Sep-24,DL,B2C_NORM_MPN_PROFUNSECURED_ALL_NA_DOCTOR BASE DS XAOP_ENG,MOBILE PUSH,"68,411",7,459,0.67,459,0,3,0,0,9,2024,September
01-Sep-24,PPL, B2C_NORM_MPN_PLCSPROSPECT_ALL_NA_KD NOOFF POS H FOC DPDMNSPPL SEP02_ENG,MOBILE PUSH,"16,302",2,130,0.8,130,0,2,0,0,9,2024,September
01-Sep-24,PPL, B2C_NORM_MPN_PLCSPROSPECT_ALL_NA_KD OFF NONNEG H DPDMNSPPL SEP02_ENG,MOBILE PUSH,"12,221",1,64,0.52,64,2,4,"1,23,203",12.3203,9,2024,September
01-Sep-24,PPL, B2C_NORM_MPN_PLCSPROSPECT_ALL_NA_KD NOOFF POS H NONFOCSEMP DPDMNSPPL SEP02_ENG,MOBILE PUSH,"41,728",4,363,0.87,363,0,3,0,0,9,2024,September
01-Sep-24,PPL, B2C_NORM_MPN_PLCSPROSPECT_ALL_NA_KD NOOFF POS H NONFOCSAL DPDMNSPPL SEP02_ENG,MOBILE PUSH,"34,833",3,290,0.83,290,0,7,0,0,9,2024,September
27-Aug-24,PPL, B2C_NORM_MPN_PLCSPROSPECT_ALL_NA_KD OFF H AUG27_MLANG,MOBILE PUSH,"2,100",0,7,0.33,7,0,0,0,0,8,2024,August
21-Aug-24,B,B2C_NORM_MPN_DIRECTBL_ALL_NA_PSBLXAOP_17AUG_Eng,MOBILE PUSH,"1,29,801",13,"1,687",1.3,"1,687",0,35,0,0,8,2024,August
21-Aug-24,PPL, B2C_NORM_MPN_PLCSPROSPECT_ALL_NA_KD OFF H AUG21_MLANG,MOBILE PUSH,"2,630",0,16,0.61,16,0,0,0,0,8,2024,August
21-Aug-24,PPL, B2C_NORM_MPN_PLCSPROSPECT_ALL_NA_KD NOOFF SAL L AUG22_MLANG,MOBILE PUSH,"2,35,067",24,"2,188",0.93,"2,188",9,86,0,0,8,2024,August
20-Aug-24,DL,B2C_NORM_MPN_PROFUNSECURED_ALL_NA_DOCTOR BASE DS XAOP_ENG,MOBILE PUSH,"63,459",6,411,0.65,411,0,12,"3,88,067",38.8067,8,2024,August
20-Aug-24,PPL, B2C_NORM_MPN_PLCSPROSPECT_ALL_NA_KD NOOFF FOC H AUG21_MLANG,MOBILE PUSH,"27,841",3,301,1.08,301,1,11,0,0,8,2024,August
19-Aug-24,PPL, B2C_NORM_MPN_PLCSPROSPECT_ALL_NA_KD OFF L AUG21_MLANG,MOBILE PUSH,"1,17,426",12,675,0.57,675,5,28,0,0,8,2024,August
18-Aug-24,DL,B2C_NORM_MPN_PROFUNSECURED_ALL_NA_DOCTOR BASE DS XAOP_ENG,MOBILE PUSH,"55,276",6,390,0.71,390,0,15,0,0,8,2024,August
17-Aug-24,B,B2C_NORM_MPN_DIRECTBL_ALL_NA_PSBLDS_16uly_Eng,MOBILE PUSH,3,0,1,0,1,0,0,0,0,8,2024,August
17-Aug-24,B,B2C_NORM_MPN_DIRECTBL_ALL_NA_PSBLXAOP_17AUG_Eng,MOBILE PUSH,"2,91,754",29,"4,488",1.54,"4,488",4,119,0,0,8,2024,August
16-Aug-24,B,DPPM_BL_OB_DPDMVSBLD_3,SMS,0,0,565,0,0,0,23,0,0,8,2024,August
16-Aug-24,DL,B2C_NORM_MPN_PROFUNSECURED_ALL_NA_DOCTOR BASE DS XAOP_ENG,MOBILE PUSH,"62,685",6,383,0.61,383,1,3,0,0,8,2024,August
13-Aug-24,DL,B2C_NORM_MPN_PROFUNSECURED_ALL_NA_DOCTOR BASE DS XAOP_ENG,MOBILE PUSH,"61,838",6,319,0.52,319,1,3,0,0,8,2024,August
12-Aug-24,B,DPPM_BL_OB_DPDMVSBLD_2,SMS,0,0,"1,768",0,0,0,158,0,0,8,2024,August
12-Aug-24,B,DPPM_BL_OB_DPDMVSBLD_4,SMS,0,0,729,0,0,0,35,0,0,8,2024,August
11-Aug-24,DL,B2C_NORM_MPN_PROFUNSECURED_ALL_NA_DOCTOR BASE DS XAOP_ENG,MOBILE PUSH,"58,306",6,428,0.73,428,0,17,0,0,8,2024,August
10-Aug-24,B,B2C_NORM_MPN_DIRECTBL_ALL_NA_PSBLXAOP_8AUG_MLANG_DPDMVSBLD,MOBILE PUSH,"63,346",6,299,0.47,299,2,5,0,0,8,2024,August
09-Aug-24,B,DPPM_BL_OB_DPDMVSBLD_1,SMS,0,0,"2,017",0,0,0,167,0,0,8,2024,August
09-Aug-24,B,DPPM_BL_OB_DPDMVSBLD_1,SMS,0,0,649,0,0,0,39,0,0,8,2024,August
08-Aug-24,DL,B2C_NORM_MPN_PROFUNSECURED_ALL_NA_DOCTOR BASE DS XAOP_ENG,MOBILE PUSH,"67,717",7,433,0.64,433,1,7,"8,01,690",80.169,8,2024,August
08-Aug-24,B,B2C_NORM_MPN_DIRECTBL_ALL_NA_PSBLXAOP_8AUG_Eng_DPDMVSBLD,MOBILE PUSH,"3,22,411",32,"4,738",1.47,"4,738",2,252,"46,38,887",463.8887,8,2024,August
06-Aug-24,B,DPPM_BL_OB_DPDM_SMS4,SMS,"1,14,790",11,920,0.8,0,0,41,0,0,8,2024,August
06-Aug-24,DL,B2C_NORM_MPN_PROFUNSECURED_ALL_NA_DOCTOR BASE DS XAOP_ENG,MOBILE PUSH,"64,855",6,523,0.81,523,0,26,0,0,8,2024,August
04-Aug-24,DL,B2C_NORM_MPN_PROFUNSECURED_ALL_NA_DOCTOR BASE DS XAOP_ENG,MOBILE PUSH,"53,541",5,365,0.68,365,0,6,0,0,8,2024,August
02-Aug-24,B,DPPM_BL_OB_DPDM_SMS3,SMS,"1,27,450",13,"1,697",1.33,0,0,107,0,0,8,2024,August
02-Aug-24,B,DPPM_BL_OB_DPDM_SMS2,SMS,"34,896",3,"2,697",7.73,0,0,235,0,0,8,2024,August
02-Aug-24,B,B2C_NORM_MPN_DIRECTBL_ALL_NA_PSBLDS_17uly_Eng,MOBILE PUSH,0,0,2,0,2,0,0,0,0,8,2024,August
01-Aug-24,B,DPPM_BL_OB_AFFI_SMS2,SMS,0,0,818,0,0,0,16,"18,80,745",188.0745,8,2024,August
01-Aug-24,B,DPPM_BL_OB_DPDM_SMS1,SMS,"1,27,436",13,"1,848",1.45,0,0,131,0,0,8,2024,August
01-Aug-24,B,DPPM_BL_OB_DPDM_SMS4,SMS,0,0,11,0,0,0,1,0,0,8,2024,August
01-Aug-24,B,B2C_NORM_MPN_DIRECTBL_ALL_NA_PSBLDS_17uly_Eng,MOBILE PUSH,0,0,3,0,3,0,0,0,0,8,2024,August
01-Aug-24,DL,B2C_NORM_MPN_PROFUNSECURED_ALL_NA_DOCTOR BASE DS XAOP_ENG,MOBILE PUSH,"50,706",5,388,0.77,388,1,6,0,0,8,2024,August
01-Aug-24,B,B2C_NORM_MPN_DIRECTBL_ALL_NA_PSBLDS_1Aug_Eng,MOBILE PUSH,0,0,510,0,510,0,1,0,0,8,2024,August
29-Jul-24,DL,B2C_NORM_MPN_PROFUNSECURED_ALL_NA_DOCTOR BASE XAOP_ENG,MOBILE PUSH,"54,957",5,440,0.8,440,0,9,0,0,7,2024,July
26-Jul-24,DL,B2C_NORM_MPN_PROFUNSECURED_ALL_NA_DOCTOR TY OFFER BASE XAOP_ENG,MOBILE PUSH,"29,576",3,169,0.57,169,0,11,0,0,7,2024,July
25-Jul-24,B,B2C_NORM_MPN_DIRECTBL_ALL_NA_PSBLDS_17uly_Eng,MOBILE PUSH,0,0,"2,646",0,"2,646",0,31,0,0,7,2024,July
23-Jul-24,B,B2C_NORM_MPN_DIRECTBL_ALL_NA_PSBLDS_17uly_Eng,MOBILE PUSH,0,0,"2,860",0,"2,860",0,28,0,0,7,2024,July
22-Jul-24,B,DPPM_BL_OB_DPDM_SMS1,SMS,"1,09,251",11,"1,177",1.08,0,0,108,0,0,7,2024,July
21-Jul-24,B,B2C_NORM_MPN_DIRECTBL_ALL_NA_PSBLDS_17uly_Eng,MOBILE PUSH,0,0,735,0,735,0,5,0,0,7,2024,July
19-Jul-24,B,DPPM_BL_OB_DPDM_SMS3,SMS,"1,08,945",11,"1,396",1.28,0,0,116,0,0,7,2024,July
19-Jul-24,B,DPPM_BL_OB_DPDM_SMS4,SMS,"88,878",9,825,0.93,0,0,34,0,0,7,2024,July
19-Jul-24,B,B2C_NORM_MPN_DIRECTBL_ALL_NA_PSBLDS_17uly_Eng,MOBILE PUSH,0,0,"4,353",0,"4,353",0,27,0,0,7,2024,July
18-Jul-24,B,B2C_NORM_MPN_DIRECTBL_ALL_NA_PSBLDS_17uly_Eng,MOBILE PUSH,0,0,"1,414",0,"1,414",0,37,0,0,7,2024,July
18-Jul-24,B,B2C_NORM_MPN_DIRECTBL_ALL_NA_PSBLDS_17uly_Eng,MOBILE PUSH,0,0,"2,874",0,"2,874",0,27,0,0,7,2024,July
17-Jul-24,B,B2C_NORM_MPN_DIRECTBL_ALL_NA_PSBLDS_16uly_Eng,MOBILE PUSH,0,0,"2,824",0,"2,824",0,67,0,0,7,2024,July
06-Jul-24,B,B2C_NORM_MPN_DIRECTBL_ALL_NA_AP2_24-06-2024_English,MOBILE PUSH,0,0,1,0,1,0,0,0,0,7,2024,July
02-Jul-24,B,DPPM_BL_OB_AFFI_SMS2,SMS,"82,043",8,"4,643",5.66,0,0,92,0,0,7,2024,July
02-Jul-24,B,DPPM_BL_OB_AFFI_SMS4,SMS,"2,07,771",21,"7,265",3.5,0,0,173,0,0,7,2024,July
02-Jul-24,B,DPPM_BL_OB_AFFI_SMS3,SMS,"1,33,577",13,"2,332",1.75,0,0,171,"15,63,568",156.3568,7,2024,July
01-Jul-24,B,DPPM_BL_OB_AFFI_SMS1,SMS,"1,57,065",16,"1,094",0.7,0,0,65,0,0,7,2024,July
01-Jul-24,B,DPPM_BL_OB_AFFI_SMS2,SMS,0,0,92,0,0,0,0,0,0,7,2024,July
01-Jul-24,B,DPPM_BL_OB_AFFI_SMS3,SMS,0,0,6,0,0,0,1,0,0,7,2024,July
28-Jun-24,DL,B2C_NORM_MPN_PROFUNSECURED_ALL_NA_DOCTOR TEASER DW DS P1 BASE_ENG,MOBILE PUSH,"21,381",2,96,0.45,96,0,1,0,0,6,2024,June
28-Jun-24,DL,B2C_NORM_MPN_PROFUNSECURED_ALL_NA_DOCTOR TEASER DW DS P1 XAOP_ENG,MOBILE PUSH,"2,947",0,11,0.37,11,0,0,0,0,6,2024,June
27-Jun-24,DL,B2C_NORM_MPN_PROFUNSECURED_ALL_NA_DOCTOR TEASER DW DS P1 BASE_ENG,MOBILE PUSH,"6,403",1,22,0.34,22,0,0,0,0,6,2024,June
27-Jun-24,DL,B2C_NORM_MPN_PROFUNSECURED_ALL_NA_DOCTOR TEASER DW DS P1 XAOP_ENG,MOBILE PUSH,485,0,2,0.41,2,0,0,0,0,6,2024,June
26-Jun-24,B,B2C_NORM_MPN_DIRECTBL_ALL_NA_AP2_24-06-2024_English,MOBILE PUSH,0,0,561,0,561,0,7,0,0,6,2024,June
25-Jun-24,DL,B2C_NORM_MPN_PROFUNSECURED_ALL_NA_DOCTOR DS P1 BASE_ENG,MOBILE PUSH,"37,090",4,234,0.63,234,0,3,"28,29,846",282.9846,6,2024,June
25-Jun-24,DL,B2C_NORM_MPN_PROFUNSECURED_ALL_NA_DOCTOR DS P1 XAOP_ENG,MOBILE PUSH,"5,489",1,39,0.71,39,0,1,"15,62,911",156.2911,6,2024,June
24-Jun-24,B,B2B_NORM_MPN_DIRECTBL_ALL_NA_AP1_24-06-2024_English,MOBILE PUSH,0,0,760,0,760,0,18,0,0,6,2024,June
20-Jun-24,DL,B2C_SC_MPN_PROFUNSECURED_Doctor_20JUN_DS_P1_Base,MOBILE PUSH,"26,476",3,149,0.56,149,0,2,0,0,6,2024,June
20-Jun-24,DL,B2C_SC_MPN_PROFUNSECURED_Doctor_20JUN_DS_P1_XAOP,MOBILE PUSH,"2,336",0,7,0.3,7,0,0,0,0,6,2024,June
18-Jun-24,B,B2C_RSB_MPN_DIRECTBL_17uneAP2_Propensity,MOBILE PUSH,0,0,340,0,340,0,6,0,0,6,2024,June
17-Jun-24,B,DPPM_BL_OB_AFFI_SMS2,SMS,"68,066",7,751,1.1,0,0,6,0,0,6,2024,June
17-Jun-24,B,DPPM_BL_OB_AFFI_SMS3,SMS,"1,10,140",11,891,0.81,0,0,17,0,0,6,2024,June
17-Jun-24,B,DPPM_BL_OB_AFFI_SMS4,SMS,"1,77,973",18,"3,055",1.72,0,0,18,0,0,6,2024,June
17-Jun-24,DL,B2C_SC_MPN_PROFUNSECURED_Doctor_17JUN_DS_P1_Base,MOBILE PUSH,"27,894",3,164,0.59,164,0,2,0,0,6,2024,June
17-Jun-24,DL,B2C_SC_MPN_PROFUNSECURED_Doctor_17JUN_DS_P1_XAOP,MOBILE PUSH,"2,198",0,14,0.64,14,0,0,0,0,6,2024,June
17-Jun-24,B,B2C_RSB_MPN_DIRECTBL_17uneAP2_Propensity,MOBILE PUSH,"92,377",9,762,0.82,762,0,28,0,0,6,2024,June
16-Jun-24,B,B2C_RSB_MPN_DIRECTBL_17juneAP1_Propensity,MOBILE PUSH,"99,718",10,899,0.9,899,0,27,"10,39,942",103.9942,6,2024,June
15-Jun-24,B,DPPM_BL_OB_AFFI_SMS1,SMS,"1,36,788",14,"1,705",1.25,0,0,9,0,0,6,2024,June
15-Jun-24,B,DPPM_BL_OB_appinsta,SMS,0,0,423,0,0,0,4,0,0,6,2024,June
14-Jun-24,B,B2C_RSB_MPN_DIRECTBL_13juneAP1_Propensity,MOBILE PUSH,"35,622",4,292,0.82,292,0,3,0,0,6,2024,June
13-Jun-24,DL,B2C_SC_MPN_PROFUNSECURED_Doctor_13JUN_DS_P1_Base,MOBILE PUSH,"17,430",2,116,0.67,116,0,2,0,0,6,2024,June
10-Jun-24,DL,B2C_SC_MPN_PROFUNSECURED_Doctor_10JUN_DS_P1_XAOP,MOBILE PUSH,"1,127",0,4,0.35,4,0,0,0,0,6,2024,June
10-Jun-24,DL,B2C_SC_MPN_PROFUNSECURED_Doctor_10JUN_DS_P1,MOBILE PUSH,"28,815",3,141,0.49,141,0,1,0,0,6,2024,June
08-Jun-24,B,B2C_RSB_MPN_DIRECTBL_8juneAP1_Propensity,MOBILE PUSH,"70,995",7,557,0.78,557,1,9,"4,62,260",46.226,6,2024,June
08-Jun-24,B,B2C_RSB_MPN_DIRECTBL_9juneAP2_Propensity,MOBILE PUSH,"64,010",6,514,0.8,514,0,11,0,0,6,2024,June
08-Jun-24,DL,B2C_SC_MPN_PROFUNSECURED_Doctor_8JUN_DS_P1,MOBILE PUSH,413,0,2,0.48,2,0,0,0,0,6,2024,June
07-Jun-24,DL,B2C_SC_MPN_PROFUNSECURED_Doctor_7JUN_DS_P1_XAOP,MOBILE PUSH,"2,870",0,17,0.59,17,0,0,0,0,6,2024,June
05-Jun-24,DL,B2C_SC_MPN_PROFUNSECURED_Doctor_5JUN_DS_P1,MOBILE PUSH,"31,507",3,186,0.59,186,0,3,0,0,6,2024,June
05-Jun-24,DL,B2C_SC_MPN_PROFUNSECURED_Doctor_5JUN,MOBILE PUSH,"60,634",6,436,0.72,436,1,10,0,0,6,2024,June
03-Jun-24,DL,B2C_SC_MPN_PROFUNSECURED_Doctor_3JUN_DS_P1,MOBILE PUSH,"30,443",3,221,0.73,221,1,4,0,0,6,2024,June
01-Jun-24,B,DPPM_BL_OB_PTB_appinsta_2905,SMS,0,0,138,0,0,0,11,0,0,6,2024,June
01-Jun-24,DL,B2C_SC_MPN_PROFUNSECURED_Doctor_1JUN_DS_P1,MOBILE PUSH,"27,320",3,193,0.71,193,0,2,"7,70,984",77.0984,6,2024,June
30-May-24,B,DPPM_BL_OB_PTB_appinsta_2905,SMS,0,0,652,0,0,0,77,"18,56,214",185.6214,5,2024,May
30-May-24,DL,B2C_SC_MPN_PROFUNSECURED_Doctor_30MAY_DS_P1,MOBILE PUSH,"21,413",2,178,0.83,178,0,2,0,0,5,2024,May
27-May-24,DL,B2C_SC_MPN_PROFUNSECURED_Doctor_27MAY_DS_P1,MOBILE PUSH,"30,626",3,194,0.63,194,1,3,"20,27,850",202.785,5,2024,May
25-May-24,DL,B2C_SC_MPN_PROFUNSECURED_Doctor_25MAY_DS_P1,MOBILE PUSH,"1,827",0,18,0.99,18,0,0,0,0,5,2024,May
14-May-24,B,DPPM_BL_OB_appuinst_1405,SMS,0,0,"2,154",0,0,0,207,0,0,5,2024,May
11-May-24,B,DPPM_BL_OB_appinst_1105,SMS,0,0,"1,077",0,0,0,97,"8,46,331",84.6331,5,2024,May
