DATE,SUB BUSINESS,CAMPAIGN NAME,CHANNEL,PUSH IMPRESSIONS,PUSH IMPRESSIONS_per10k,CLICKS,CTR %,APP LAUNCHES,MAU,LEAD,REVENUE,Revenue_per10k,Month,Year,Month Name
31-Mar-25,DL,DPPM_PROF_OB_DPDMVSDOC,SMS,,14,497.0,0.344863477,0.0,0.0,1.0,0.0,0.0,3,2025,March
16-Mar-25,B,B2C_NORM_MPN_DIRECTBL_ALL_NA_NA_NA_App_01APR2025_DPDMVSBLD_Eng,MOBILE PUSH,,38,,0.89,,21.0,60.0,0.0,0.0,3,2025,March
15-Mar-25,B,B2C_NORM_MPN_DIRECTBL_ALL_NA_NA_NA_App_01APR2025_DPDMVSBLD_Eng,MOBILE PUSH,,47,,0.74,,8.0,82.0,0.0,0.0,3,2025,March
14-Mar-25,DL,B2C_NORM_MPN_PROFUNSECURED_ALL_NA_NA_NA_DPDMVSDOC DS XAOP_ENG,MOBILE PUSH,,8,147.0,0.17,147.0,1.0,0.0,0.0,0.0,3,2025,March
14-Mar-25,B,B2C_NORM_MPN_DIRECTBL_ALL_NA_NA_NA_App_01APR2025_DPDMVSBLD_Eng,MOBILE PUSH,,4,269.0,0.62,269.0,6.0,7.0,0.0,0.0,3,2025,March
12-Mar-25,PPL,B2C_NORM_MPN_PLCSPROSPECT_ALL_NA_KD OFF DPDMVSPPL MAR13_ENG,MOBILE PUSH,,14,657.0,0.47,657.0,1.0,34.0,0.0,0.0,3,2025,March
11-Mar-25,B,B2C_NORM_MPN_DIRECTBL_ALL_NA_NA_NA_App_01APR2025_DPDMVSBLD_Eng,MOBILE PUSH,,38,,0.88,,16.0,60.0,0.0,0.0,3,2025,March
10-Mar-25,DL,B2C_NORM_MPN_PROFUNSECURED_ALL_NA_NA_NA_DPDMVSDOC DS XAOP_ENG,MOBILE PUSH,,9,155.0,0.17,155.0,3.0,1.0,0.0,0.0,3,2025,March
06-Mar-25,DL,B2C_NORM_MPN_PROFUNSECURED_ALL_NA_NA_NA_DPDMVSDOC DS XAOP_ENG,MOBILE PUSH,,9,193.0,0.22,193.0,2.0,0.0,0.0,0.0,3,2025,March
05-Mar-25,B,B2C_NORM_MPN_DIRECTBL_ALL_NA_NA_NA_App_01APR2025_DPDMVSBLD_Eng,MOBILE PUSH,,16,,0.88,,7.0,31.0,0.0,0.0,3,2025,March
04-Mar-25,B,B2C_NORM_MPN_DIRECTBL_ALL_NA_NA_NA_App_01APR2025_DPDMVSBLD_Eng,MOBILE PUSH,,23,,1.13,,6.0,48.0,0.0,0.0,3,2025,March
03-Mar-25,DL,B2C_NORM_MPN_PROFUNSECURED_ALL_NA_NA_NA_DPDMVSDOC DS XAOP_ENG,MOBILE PUSH,,5,198.0,0.39,198.0,0.0,0.0,0.0,0.0,3,2025,March
01-Mar-25,B,B2C_NORM_MPN_DIRECTBL_ALL_NA_NA_NA_App_01APR2025_DPDMVSBLD_Eng,MOBILE PUSH,,30,,1.27,,8.0,81.0,0.0,0.0,3,2025,March
28-Feb-25,DL,DPPM_PROF_OB_DPDMVSDOC,SMS,,19,482.0,0.249716349,0.0,0.0,5.0,0.0,0.0,2,2025,February
28-Feb-25,DL,B2C_NORM_MPN_PROFUNSECURED_ALL_NA_NA_NA_DPDMVSDOC DS XAOP_ENG,MOBILE PUSH,,5,204.0,0.42,204.0,1.0,0.0,0.0,0.0,2,2025,February
26-Feb-25,B,B2C_NORM_MPN_DIRECTBL_ALL_NA_NA_NA_App_01APR2025_DPDMVSBLD_Eng,MOBILE PUSH,,36,,1.13,,7.0,131.0,0.0,0.0,2,2025,February
23-Feb-25,DL,B2C_NORM_MPN_PROFUNSECURED_ALL_NA_NA_NA_DPDMVSDOC DS XAOP_ENG,MOBILE PUSH,,3,112.0,0.37,112.0,0.0,0.0,0.0,0.0,2,2025,February
22-Feb-25,B,B2C_NORM_MPN_DIRECTBL_ALL_NA_NA_NA_App_01APR2025_DPDMVSBLD_Eng,MOBILE PUSH,,5,320.0,0.6,320.0,1.0,8.0,0.0,0.0,2,2025,February
21-Feb-25,B,B2C_NORM_MPN_DIRECTBL_ALL_NA_NA_NA_App_01APR2025_DPDMVSBLD_Eng,MOBILE PUSH,,45,,0.97,,5.0,156.0,0.0,0.0,2,2025,February
21-Feb-25,B,B2C_NORM_MPN_DIRECTBL_ALL_NA_NA_NA_App_01APR2025_DPDMVSBLD_Eng,MOBILE PUSH,,31,,0.82,,10.0,31.0,0.0,0.0,2,2025,February
20-Feb-25,DL,B2C_NORM_MPN_PROFUNSECURED_ALL_NA_NA_NA_DPDMVSDOC DS XAOP_ENG,MOBILE PUSH,,5,228.0,0.45,228.0,0.0,0.0,0.0,0.0,2,2025,February
20-Feb-25,B,B2C_NORM_MPN_DIRECTBL_ALL_NA_NA_NA_App_01APR2025_DPDMVSBLD_Eng,MOBILE PUSH,,24,,0.81,,4.0,27.0,0.0,0.0,2,2025,February
19-Feb-25,B,B2C_NORM_MPN_DIRECTBL_ALL_NA_NA_NA_App_01APR2025_DPDMVSBLD_Eng,MOBILE PUSH,,28,,1.06,,2.0,64.0,0.0,0.0,2,2025,February
18-Feb-25,B,B2C_NORM_MPN_DIRECTBL_ALL_NA_NA_NA_App_01APR2025_DPDMVSBLD_Eng,MOBILE PUSH,,19,,0.87,,7.0,20.0,0.0,0.0,2,2025,February
16-Feb-25,DL,B2C_NORM_MPN_PROFUNSECURED_ALL_NA_NA_NA_DPDMVSDOC DS XAOP_ENG,MOBILE PUSH,,5,214.0,0.4,214.0,0.0,0.0,0.0,0.0,2,2025,February
16-Feb-25,PPL, B2C_NORM_MPN_PLCSPROSPECT_ALL_NA_KD OFF DPDMVSPPL FEB17_ENG,MOBILE PUSH,,13,597.0,0.44,597.0,8.0,33.0,,23.8884,2,2025,February
16-Feb-25,B,B2C_NORM_MPN_DIRECTBL_ALL_NA_NA_NA_App_01APR2025_DPDMVSBLD_Eng,MOBILE PUSH,,25,,1.2,,2.0,79.0,0.0,0.0,2,2025,February
13-Feb-25,DL,B2C_NORM_MPN_PROFUNSECURED_ALL_NA_NA_NA_DOCTOR BASE DS XAOP_ENG,MOBILE PUSH,,6,197.0,0.32,197.0,0.0,1.0,0.0,0.0,2,2025,February
12-Feb-25,PPL, B2C_NORM_MPN_PLCSPROSPECT_ALL_NA_KD OFF DPDMVSPPL FEB13_ENG,MOBILE PUSH,,13,581.0,0.45,581.0,3.0,16.0,,54.0437,2,2025,February
10-Feb-25,DL,B2C_NORM_MPN_PROFUNSECURED_ALL_NA_NA_NA_DOCTOR BASE DS XAOP_ENG,MOBILE PUSH,,4,159.0,0.43,159.0,2.0,2.0,0.0,0.0,2,2025,February
10-Feb-25,DL,B2C_NORM_MPN_PROFUNSECURED_ALL_NA_NA_NA_DPDMVSDOC DS XAOP_ENG,MOBILE PUSH,,5,165.0,0.33,165.0,0.0,0.0,0.0,0.0,2,2025,February
09-Feb-25,DL,B2C_NORM_MPN_PROFUNSECURED_ALL_NA_NA_NA_DOCTOR BASE DS XAOP_ENG,MOBILE PUSH,,6,219.0,0.34,219.0,0.0,0.0,0.0,0.0,2,2025,February
09-Feb-25,PPL, B2C_NORM_MPN_PLCSPROSPECT_ALL_NA_KD NOOFF H DPDMVSPPL FEB10_ENG,MOBILE PUSH,,37,,0.83,,8.0,32.0,0.0,0.0,2,2025,February
08-Feb-25,PPL, B2C_NORM_MPN_PLCSPROSPECT_ALL_NA_KD OFF DPDMVSPPL FEB10_ENG,MOBILE PUSH,,10,394.0,0.39,394.0,2.0,14.0,0.0,0.0,2,2025,February
08-Feb-25,PPL, B2C_NORM_MPN_PLCSPROSPECT_ALL_NA_KD NOOFF L DPDMVSPPL FEB10_ENG,MOBILE PUSH,,58,,1.0,,18.0,27.0,0.0,0.0,2,2025,February
06-Feb-25,DL,B2C_NORM_MPN_PROFUNSECURED_ALL_NA_NA_NA_DOCTOR BASE DS XAOP_ENG,MOBILE PUSH,,6,270.0,0.42,270.0,3.0,0.0,0.0,0.0,2,2025,February
06-Feb-25,B,B2C_NORM_MPN_DIRECTBL_ALL_NA_NA_NA_App_01APR2025_DPDMVSBLD_Eng,MOBILE PUSH,,17,,1.26,,0.0,44.0,0.0,0.0,2,2025,February
04-Feb-25,PPL, B2C_NORM_MPN_PLCSPROSPECT_ALL_NA_KD OFF DPDMVSPPL FEB03_ENG,MOBILE PUSH,,11,392.0,0.35,392.0,6.0,14.0,,8.2647,2,2025,February
03-Feb-25,DL,B2C_NORM_MPN_PROFUNSECURED_ALL_NA_NA_NA_DOCTOR BASE DS XAOP_ENG,MOBILE PUSH,,6,252.0,0.39,252.0,1.0,4.0,0.0,0.0,2,2025,February
01-Feb-25,PPL, B2C_NORM_MPN_PLCSPROSPECT_ALL_NA_KD OFF DPDMVSPPL FEB03_ENG,MOBILE PUSH,,10,487.0,0.5,487.0,2.0,20.0,,11.7881,2,2025,February
01-Feb-25,PPL, B2C_NORM_MPN_PLCSPROSPECT_ALL_NA_KD OFFNO H DPDMVSPPL FEB03_ENG,MOBILE PUSH,,30,,0.83,,7.0,22.0,,16.368,2,2025,February
01-Feb-25,PPL, B2C_NORM_MPN_PLCSPROSPECT_ALL_NA_KD OFFNO L DPDMVSPPL JAN23_MLANG,MOBILE PUSH,,49,,0.96,,18.0,13.0,,10.7499,2,2025,February
31-Jan-25,DL,DPPM_PROF_OB_DPDMVSDOC,SMS,,6,141.0,0.243472855,0.0,0.0,2.0,0.0,0.0,1,2025,January
31-Jan-25,DL,B2C_NORM_MPN_PROFUNSECURED_ALL_NA_NA_NA_DOCTOR BASE DS XAOP_ENG,MOBILE PUSH,,6,207.0,0.34,207.0,2.0,0.0,0.0,0.0,1,2025,January
30-Jan-25,DL,B2C_NORM_MPN_PROFUNSECURED_ALL_NA_NA_NA_DOCTOR BASE DS XAOP_ENG,MOBILE PUSH,,6,256.0,0.44,256.0,0.0,1.0,0.0,0.0,1,2025,January
29-Jan-25,DL,B2C_NORM_MPN_PROFUNSECURED_ALL_NA_NA_NA_DOCTOR BASE DS XAOP_ENG,MOBILE PUSH,,6,212.0,0.35,212.0,0.0,1.0,0.0,0.0,1,2025,January
27-Jan-25,DL,B2C_NORM_MPN_PROFUNSECURED_ALL_NA_NA_NA_DOCTOR BASE DS XAOP_ENG,MOBILE PUSH,,5,164.0,0.32,164.0,2.0,1.0,0.0,0.0,1,2025,January
25-Jan-25,DL,B2C_NORM_MPN_PROFUNSECURED_ALL_NA_NA_NA_DOCTOR BASE DS XAOP_ENG,MOBILE PUSH,,5,143.0,0.31,143.0,1.0,0.0,0.0,0.0,1,2025,January
23-Jan-25,DL,B2C_NORM_MPN_PROFUNSECURED_ALL_NA_NA_NA_DOCTOR BASE DS XAOP_ENG,MOBILE PUSH,,5,179.0,0.35,179.0,1.0,0.0,0.0,0.0,1,2025,January
22-Jan-25,PPL, B2C_NORM_MPN_PLCSPROSPECT_ALL_NA_KD OFF DPDMVSPPL JAN23_MLANG,MOBILE PUSH,,12,451.0,0.36,451.0,3.0,13.0,0.0,0.0,1,2025,January
21-Jan-25,PPL, B2C_NORM_MPN_PLCSPROSPECT_ALL_NA_KD OFFNO H DPDMVSPPL JAN23_MLANG,MOBILE PUSH,,32,,0.67,,10.0,24.0,0.0,0.0,1,2025,January
21-Jan-25,PPL, B2C_NORM_MPN_PLCSPROSPECT_ALL_NA_KD OFFNO L DPDMVSPPL JAN23_MLANG,MOBILE PUSH,,60,,0.77,,25.0,32.0,0.0,0.0,1,2025,January
20-Jan-25,DL,B2C_NORM_MPN_PROFUNSECURED_ALL_NA_NA_NA_DOCTOR BASE DS XAOP_ENG,MOBILE PUSH,,6,208.0,0.35,208.0,1.0,0.0,0.0,0.0,1,2025,January
19-Jan-25,DL,B2C_NORM_MPN_PROFUNSECURED_ALL_NA_NA_NA_DOCTOR BASE DS XAOP_ENG,MOBILE PUSH,,6,211.0,0.34,211.0,1.0,0.0,0.0,0.0,1,2025,January
19-Jan-25,PPL, B2C_NORM_MPN_PLCSPROSPECT_ALL_NA_KD OFFNO H DPDMVSPPL JAN20_MLANG,MOBILE PUSH,,31,,0.9,,7.0,43.0,0.0,0.0,1,2025,January
19-Jan-25,PPL, B2C_NORM_MPN_PLCSPROSPECT_ALL_NA_KD OFF DPDMVSPPL JAN21_MLANG,MOBILE PUSH,,12,617.0,0.53,617.0,6.0,47.0,,23.5658,1,2025,January
17-Jan-25,PPL, B2C_NORM_MPN_PLCSPROSPECT_ALL_NA_KD OFFNO NON NEG H DPDMVSPPL DEC16_MLANG,MOBILE PUSH,1.0,0,0.0,0.0,0.0,0.0,0.0,0.0,0.0,1,2025,January
17-Jan-25,PPL, B2C_NORM_MPN_PLCSPROSPECT_ALL_NA_KD OFFNO L DPDMVSPPL JAN16_ENG,MOBILE PUSH,,56,,0.64,,15.0,46.0,0.0,0.0,1,2025,January
16-Jan-25,DL,B2C_NORM_MPN_PROFUNSECURED_ALL_NA_NA_NA_DOCTOR BASE DS XAOP_ENG,MOBILE PUSH,,6,186.0,0.31,186.0,2.0,0.0,0.0,0.0,1,2025,January
15-Jan-25,PPL, B2C_NORM_MPN_PLCSPROSPECT_ALL_NA_KD OFF DPDMVSPPL JAN16_ENG,MOBILE PUSH,,8,346.0,0.45,346.0,6.0,12.0,0.0,0.0,1,2025,January
15-Jan-25,PPL, B2C_NORM_MPN_PLCSPROSPECT_ALL_NA_KD OFFNO H DPDMVSPPL JAN16_ENG,MOBILE PUSH,,22,,0.54,,8.0,25.0,0.0,0.0,1,2025,January
13-Jan-25,DL,B2C_NORM_MPN_PROFUNSECURED_ALL_NA_NA_NA_DOCTOR BASE DS XAOP_ENG,MOBILE PUSH,,6,181.0,0.29,181.0,0.0,2.0,0.0,0.0,1,2025,January
13-Jan-25,PPL, B2C_NORM_MPN_PLCSPROSPECT_ALL_NA_KD OFF DPDMVSPPL JAN13_MLANG,MOBILE PUSH,,12,456.0,0.39,456.0,3.0,23.0,0.0,0.0,1,2025,January
12-Jan-25,PPL, B2C_NORM_MPN_PLCSPROSPECT_ALL_NA_KD OFF DPDMVSPPL JAN13_MLANG,MOBILE PUSH,,11,509.0,0.45,509.0,1.0,39.0,0.0,0.0,1,2025,January
12-Jan-25,PPL, B2C_NORM_MPN_PLCSPROSPECT_ALL_NA_KD OFFNO H DPDMVSPPL JAN13_MLANG,MOBILE PUSH,,32,,0.93,,6.0,48.0,0.0,0.0,1,2025,January
09-Jan-25,DL,B2C_NORM_MPN_PROFUNSECURED_ALL_NA_NA_NA_DOCTOR BASE DS XAOP_ENG,MOBILE PUSH,,6,226.0,0.37,226.0,0.0,2.0,0.0,0.0,1,2025,January
07-Jan-25,DL,B2C_NORM_MPN_PROFUNSECURED_ALL_NA_NA_NA_DOCTOR BASE DS XAOP_ENG,MOBILE PUSH,,6,212.0,0.35,212.0,0.0,0.0,0.0,0.0,1,2025,January
04-Jan-25,B,DPPM_BL_OB_DPDMVSBLD_4,SMS,0.0,0,,0.0,0.0,0.0,144.0,0.0,0.0,1,2025,January
03-Jan-25,DL,B2C_NORM_MPN_PROFUNSECURED_ALL_NA_NA_NA_DOCTOR BASE DS XAOP_ENG,MOBILE PUSH,1.0,0,0.0,0.0,0.0,0.0,0.0,0.0,0.0,1,2025,January
02-Jan-25,B,DPPM_BL_OB_DPDM_SMS1,SMS,0.0,0,8.0,0.0,0.0,0.0,1.0,0.0,0.0,1,2025,January
01-Jan-25,B,DPPM_BL_OB_DPDMVSBLD_1,SMS,0.0,0,475.0,0.0,0.0,0.0,39.0,0.0,0.0,1,2025,January
01-Jan-25,B,DPPM_BL_OB_DPDM_SMS3,SMS,0.0,0,51.0,0.0,0.0,0.0,0.0,0.0,0.0,1,2025,January
01-Jan-25,B,DPPM_BL_OB_DPDM_SMS2,SMS,0.0,0,63.0,0.0,0.0,0.0,5.0,0.0,0.0,1,2025,January
01-Jan-25,B,DPPM_BL_OB_DPDM_SMS4,SMS,0.0,0,28.0,0.0,0.0,0.0,0.0,0.0,0.0,1,2025,January
01-Jan-25,B,DPPM_BL_OB_DPDMVSBLD_3,SMS,0.0,0,,0.0,0.0,0.0,121.0,0.0,0.0,1,2025,January
01-Jan-25,B,DPPM_BL_OB_DPDMVSBLD_2,SMS,0.0,0,,0.0,0.0,0.0,118.0,0.0,0.0,1,2025,January
01-Jan-25,DL,B2C_NORM_MPN_PROFUNSECURED_ALL_NA_NA_NA_DOCTOR BASE DS XAOP_ENG,MOBILE PUSH,187.0,0,3.0,1.6,3.0,0.0,0.0,0.0,0.0,1,2025,January
01-Jan-25,PPL, B2C_NORM_MPN_PLCSPROSPECT_ALL_NA_KD OFF NON NEG DPDMVSPPL DEC30_MLANG,MOBILE PUSH,220.0,0,3.0,1.36,3.0,0.0,0.0,0.0,0.0,1,2025,January
01-Jan-25,PPL, B2C_NORM_MPN_PLCSPROSPECT_ALL_NA_KD OFFNO NON NEG H DPDMVSPPL DEC16_MLANG,MOBILE PUSH,635.0,0,8.0,1.26,8.0,0.0,1.0,0.0,0.0,1,2025,January
01-Jan-25,PPL, B2C_NORM_MPN_PLCSPROSPECT_ALL_NA_KD OFFNO NON NEG L DPDMVSPPL DEC30_MLANG,MOBILE PUSH,,0,37.0,1.95,37.0,1.0,0.0,0.0,0.0,1,2025,January
01-Jan-25,PPL, B2C_NORM_MPN_PLCSPROSPECT_ALL_NA_KD OFF NONNEG DPDMVSPPL DEC31_ENG,MOBILE PUSH,,0,24.0,1.61,24.0,1.0,0.0,0.0,0.0,1,2025,January
01-Jan-25,PPL, B2C_NORM_MPN_PLCSPROSPECT_ALL_NA_KD OFFNO H NONNEG DPDMVSPPL DEC31_ENG,MOBILE PUSH,,0,62.0,1.88,62.0,1.0,0.0,0.0,0.0,1,2025,January
01-Jan-25,PPL, B2C_NORM_MPN_PLCSPROSPECT_ALL_NA_KD OFFNO L NONNEG DPDMVSPPL DEC31_ENG,MOBILE PUSH,,1,174.0,1.91,174.0,2.0,0.0,0.0,0.0,1,2025,January
01-Jan-25,DL,B2C_NORM_MPN_PROFUNSECURED_ALL_NA_NA_NA_DOCTOR BASE DS XAOP_ENG,MOBILE PUSH,,2,99.0,0.54,99.0,1.0,0.0,0.0,0.0,1,2025,January
31-Dec-24,DL,DPPM_PROF_OB_DPDMVSDOC,SMS,,5,158.0,0.331647111,0.0,0.0,1.0,0.0,0.0,12,2024,December
24-Dec-24,DL,B2C_NORM_MPN_PROFUNSECURED_ALL_NA_NA_NA_DOCTOR BASE DS XAOP_ENG,MOBILE PUSH,,3,100.0,0.35,100.0,0.0,0.0,0.0,0.0,12,2024,December
23-Dec-24,DL,B2C_NORM_MPN_PROFUNSECURED_ALL_NA_NA_NA_DOCTOR BASE DS XAOP_ENG,MOBILE PUSH,,3,122.0,0.41,122.0,0.0,0.0,0.0,0.0,12,2024,December
18-Dec-24,DL,B2C_NORM_MPN_PROFUNSECURED_ALL_NA_NA_NA_DOCTOR BASE DS XAOP_ENG,MOBILE PUSH,,3,123.0,0.42,123.0,0.0,1.0,0.0,0.0,12,2024,December
16-Dec-24,PPL, B2C_NORM_MPN_PLCSPROSPECT_ALL_NA_KD NOOFF POS H NONFOCSEMP DPDMNSPPL OCT30_ENG,MOBILE PUSH,1.0,0,1.0,100.0,1.0,0.0,0.0,0.0,0.0,12,2024,December
15-Dec-24,DL,B2C_NORM_MPN_PROFUNSECURED_ALL_NA_NA_NA_DOCTOR BASE DS XAOP_ENG,MOBILE PUSH,,3,99.0,0.32,99.0,0.0,1.0,0.0,0.0,12,2024,December
15-Dec-24,PPL, B2C_NORM_MPN_PLCSPROSPECT_ALL_NA_KD OFF NON NEG DPDMVSPPL DEC10_MLANG,MOBILE PUSH,,13,682.0,0.54,682.0,1.0,78.0,,20.87,12,2024,December
13-Dec-24,PPL, B2C_NORM_MPN_PLCSPROSPECT_ALL_NA_KD OFFNO NON NEG L DPDMVSPPL DEC16_MLANG,MOBILE PUSH,,70,,1.11,,15.0,103.0,0.0,0.0,12,2024,December
12-Dec-24,DL,B2C_NORM_MPN_PROFUNSECURED_ALL_NA_NA_NA_DOCTOR BASE DS XAOP_ENG,MOBILE PUSH,,3,119.0,0.42,119.0,0.0,1.0,0.0,0.0,12,2024,December
10-Dec-24,PPL, B2C_NORM_MPN_PLCSPROSPECT_ALL_NA_KD OFF NONNEG DPDMVSPPL DEC09_ENG,MOBILE PUSH,,16,,0.69,,4.0,38.0,0.0,0.0,12,2024,December
09-Dec-24,DL,B2C_NORM_MPN_PROFUNSECURED_ALL_NA_NA_NA_DOCTOR BASE DS XAOP_ENG,MOBILE PUSH,,3,114.0,0.37,114.0,0.0,2.0,0.0,0.0,12,2024,December
08-Dec-24,PPL, B2C_NORM_MPN_PLCSPROSPECT_ALL_NA_KD OFF NON NEG DPDMVSPPL DEC10_MLANG,MOBILE PUSH,,13,804.0,0.61,804.0,0.0,83.0,0.0,0.0,12,2024,December
07-Dec-24,PPL, B2C_NORM_MPN_PLCSPROSPECT_ALL_NA_KD OFF NONNEG DPDMVSPPL DEC09_ENG,MOBILE PUSH,,12,555.0,0.45,555.0,3.0,47.0,,29.5926,12,2024,December
05-Dec-24,DL,B2C_NORM_MPN_PROFUNSECURED_ALL_NA_NA_NA_DOCTOR BASE DS XAOP_ENG,MOBILE PUSH,,3,128.0,0.41,128.0,0.0,1.0,0.0,0.0,12,2024,December
03-Dec-24,DL,B2C_NORM_MPN_PROFUNSECURED_ALL_NA_NA_NA_DOCTOR BASE DS XAOP_ENG,MOBILE PUSH,,2,111.0,0.51,111.0,0.0,0.0,0.0,0.0,12,2024,December
01-Dec-24,B,DPPM_BL_OB_DPDM_SMS1,SMS,0.0,0,63.0,0.0,0.0,0.0,4.0,0.0,0.0,12,2024,December
01-Dec-24,B,DPPM_BL_OB_DPDMVSBLD_1,SMS,,20,,0.98,0.0,0.0,314.0,,450.7924,12,2024,December
01-Dec-24,B,DPPM_BL_OB_DPDM_SMS3,SMS,,17,,0.63,0.0,0.0,72.0,,78.9185,12,2024,December
01-Dec-24,B,DPPM_BL_OB_DPDM_SMS2,SMS,,36,,0.69,0.0,0.0,224.0,,233.3254,12,2024,December
01-Dec-24,B,DPPM_BL_OB_DPDM_SMS4,SMS,,13,612.0,0.45,0.0,0.0,18.0,0.0,0.0,12,2024,December
01-Dec-24,B,DPPM_BL_OB_DPDMVSBLD_3,SMS,0.0,0,106.0,0.0,0.0,0.0,5.0,0.0,0.0,12,2024,December
01-Dec-24,B,DPPM_BL_OB_DPDMVSBLD_2,SMS,0.0,0,117.0,0.0,0.0,0.0,5.0,0.0,0.0,12,2024,December
01-Dec-24,B,DPPM_BL_OB_DPDMVSBLD_4,SMS,0.0,0,65.0,0.0,0.0,0.0,1.0,0.0,0.0,12,2024,December
01-Dec-24,DL,B2C_NORM_MPN_PROFUNSECURED_ALL_NA_NA_NA_DOCTOR BASE DS XAOP_ENG,MOBILE PUSH,,2,129.0,0.58,129.0,0.0,1.0,0.0,0.0,12,2024,December
01-Dec-24,DL,B2C_NORM_MPN_PROFUNSECURED_ALL_NA_NA_NA_DOCTOR BASE DS XAOP_ENG,MOBILE PUSH,,2,158.0,0.7,158.0,0.0,0.0,0.0,0.0,12,2024,December
26-Nov-24,DL,B2C_NORM_MPN_PROFUNSECURED_ALL_NA_NA_NA_DOCTOR BASE DS XAOP_ENG,MOBILE PUSH,,2,97.0,0.43,97.0,3.0,0.0,0.0,0.0,11,2024,November
24-Nov-24,DL,B2C_NORM_MPN_PROFUNSECURED_ALL_NA_NA_NA_DOCTOR BASE DS XAOP_ENG,MOBILE PUSH,,2,113.0,0.54,113.0,0.0,2.0,0.0,0.0,11,2024,November
21-Nov-24,DL,B2C_NORM_MPN_PROFUNSECURED_ALL_NA_NA_NA_DOCTOR BASE DS XAOP_ENG,MOBILE PUSH,,2,131.0,0.59,131.0,0.0,0.0,0.0,0.0,11,2024,November
17-Nov-24,DL,B2C_NORM_MPN_PROFUNSECURED_ALL_NA_NA_NA_DOCTOR BASE DS XAOP_ENG,MOBILE PUSH,,2,98.0,0.45,98.0,0.0,0.0,0.0,0.0,11,2024,November
15-Nov-24,DL,B2C_NORM_MPN_PROFUNSECURED_ALL_NA_NA_NA_DOCTOR BASE DS XAOP_ENG,MOBILE PUSH,,2,86.0,0.42,86.0,0.0,1.0,0.0,0.0,11,2024,November
14-Nov-24,DL,B2C_NORM_MPN_PROFUNSECURED_ALL_NA_NA_NA_DOCTOR BASE DS XAOP_ENG,MOBILE PUSH,,2,107.0,0.48,107.0,0.0,0.0,0.0,0.0,11,2024,November
11-Nov-24,B,DPPM_BL_OB_DPDM_SMS1,SMS,,16,731.0,0.45,0.0,0.0,72.0,,40.6772,11,2024,November
08-Nov-24,DL,B2C_NORM_MPN_PROFUNSECURED_ALL_NA_NA_NA_DOCTOR BASE DS XAOP_ENG,MOBILE PUSH,,2,108.0,0.46,108.0,0.0,1.0,0.0,0.0,11,2024,November
06-Nov-24,DL,B2C_NORM_MPN_PROFUNSECURED_ALL_NA_NA_NA_DOCTOR BASE DS XAOP_ENG,MOBILE PUSH,,2,121.0,0.53,121.0,0.0,2.0,0.0,0.0,11,2024,November
06-Nov-24,B,B2C_NORM_MPN_DIRECTBL_ALL_NA_NA_NA_DPDMVSBLD_ENG,MOBILE PUSH,,3,939.0,2.7,939.0,0.0,43.0,0.0,0.0,11,2024,November
02-Nov-24,B,DPPM_BL_OB_DPDM_SMS3,SMS,,17,,0.59,0.0,0.0,94.0,0.0,0.0,11,2024,November
02-Nov-24,B,DPPM_BL_OB_DPDM_SMS4,SMS,0.0,0,671.0,0.0,0.0,0.0,22.0,0.0,0.0,11,2024,November
01-Nov-24,B,DPPM_BL_OB_DPDMVSBLD_1,SMS,,15,411.0,0.27,0.0,0.0,34.0,0.0,0.0,11,2024,November
01-Nov-24,B,DPPM_BL_OB_DPDM_SMS2,SMS,,32,,0.5,0.0,0.0,150.0,0.0,0.0,11,2024,November
01-Nov-24,B,DPPM_BL_OB_DPDMVSBLD_3,SMS,,18,,0.72,0.0,0.0,89.0,,101.9654,11,2024,November
01-Nov-24,B,DPPM_BL_OB_DPDMVSBLD_2,SMS,,31,,0.77,0.0,0.0,270.0,,190.5989,11,2024,November
01-Nov-24,B,DPPM_BL_OB_DPDMVSBLD_4,SMS,,13,889.0,0.67,0.0,0.0,36.0,0.0,0.0,11,2024,November
01-Nov-24,DL,B2C_NORM_MPN_PROFUNSECURED_ALL_NA_DOCTOR BASE DS XAOP_ENG,MOBILE PUSH,4.0,0,0.0,0.0,0.0,0.0,0.0,0.0,0.0,11,2024,November
01-Nov-24,DL,B2C_NORM_MPN_PROFUNSECURED_ALL_NA_DOCTOR BASE DS XAOP_ENG,MOBILE PUSH,185.0,0,4.0,2.16,4.0,0.0,0.0,0.0,0.0,11,2024,November
01-Nov-24,DL,B2C_NORM_MPN_PROFUNSECURED_ALL_NA_DOCTOR BASE DS XAOP_ENG,MOBILE PUSH,,2,123.0,0.51,123.0,0.0,0.0,0.0,0.0,11,2024,November
01-Nov-24,DL,B2C_NORM_MPN_PROFUNSECURED_ALL_NA_DOCTOR BASE DS XAOP_ENG,MOBILE PUSH,,2,129.0,0.6,129.0,0.0,1.0,0.0,0.0,11,2024,November
29-Oct-24,PPL, B2C_NORM_MPN_PLCSPROSPECT_ALL_NA_KD NOOFF POS H FOC DPDMNSPPL OCT30_ENG,MOBILE PUSH,,5,302.0,0.65,302.0,1.0,3.0,0.0,0.0,10,2024,October
29-Oct-24,PPL,B2C_NORM_MPN_PLCSPROSPECT_ALL_NA_KD OFF NONNEG L DPDMNSPPL OCT30_ENG,MOBILE PUSH,,9,369.0,0.43,369.0,6.0,9.0,0.0,0.0,10,2024,October
29-Oct-24,PPL, B2C_NORM_MPN_PLCSPROSPECT_ALL_NA_KD NOOFF POS L SEMP DPDMNSPPL OCT30_ENG,MOBILE PUSH,,21,,0.5,,15.0,16.0,0.0,0.0,10,2024,October
29-Oct-24,PPL, B2C_NORM_MPN_PLCSPROSPECT_ALL_NA_KD OFF NONNEG H DPDMNSPPL OCT30_ENG,MOBILE PUSH,,2,86.0,0.37,86.0,2.0,2.0,0.0,0.0,10,2024,October
28-Oct-24,PPL, B2C_NORM_MPN_PLCSPROSPECT_ALL_NA_KD NOOFF POS L SAL DPDMNSPPL OCT30_ENG,MOBILE PUSH,,31,,0.5,,17.0,38.0,0.0,0.0,10,2024,October
27-Oct-24,PPL, B2C_NORM_MPN_PLCSPROSPECT_ALL_NA_KD NOOFF POS H NONFOCSAL DPDMNSPPL OCT30_ENG,MOBILE PUSH,,10,576.0,0.59,576.0,2.0,19.0,0.0,0.0,10,2024,October
25-Oct-24,DL,B2C_NORM_MPN_PROFUNSECURED_ALL_NA_DOCTOR BASE DS XAOP_ENG,MOBILE PUSH,,2,93.0,0.38,93.0,0.0,0.0,0.0,0.0,10,2024,October
20-Oct-24,DL,B2C_NORM_MPN_PROFUNSECURED_ALL_NA_DOCTOR BASE DS XAOP_ENG,MOBILE PUSH,,2,89.0,0.55,89.0,0.0,0.0,0.0,0.0,10,2024,October
20-Oct-24,PPL, B2C_NORM_MPN_PLCSPROSPECT_ALL_NA_KD NOOFF POS H NONFOCSAL DPDMNSPPL OCT21_ENG,MOBILE PUSH,,7,598.0,0.82,598.0,5.0,18.0,0.0,0.0,10,2024,October
20-Oct-24,PPL, B2C_NORM_MPN_PLCSPROSPECT_ALL_NA_KD OFF NONNEG H DPDMNSPPL OCT21_ENG,MOBILE PUSH,,2,114.0,0.55,114.0,0.0,1.0,0.0,0.0,10,2024,October
20-Oct-24,PPL,B2C_NORM_MPN_PLCSPROSPECT_ALL_NA_KD OFF NONNEG L DPDMNSPPL OCT21_MLANG,MOBILE PUSH,,8,613.0,0.8,613.0,11.0,26.0,0.0,0.0,10,2024,October
20-Oct-24,PPL, B2C_NORM_MPN_PLCSPROSPECT_ALL_NA_KD NOOFF POS H FOC DPDMNSPPL OCT21_ENG,MOBILE PUSH,,4,307.0,0.82,307.0,0.0,10.0,0.0,0.0,10,2024,October
20-Oct-24,PPL, B2C_NORM_MPN_PLCSPROSPECT_ALL_NA_KD NOOFF POS L SAL DPDMNSPPL OCT21_MLANG,MOBILE PUSH,,25,,1.08,,20.0,128.0,,10.4269,10,2024,October
20-Oct-24,PPL, B2C_NORM_MPN_PLCSPROSPECT_ALL_NA_KD NOOFF POS H NONFOCSEMP DPDMNSPPL OCT21_ENG,MOBILE PUSH,,10,769.0,0.77,769.0,11.0,13.0,0.0,0.0,10,2024,October
19-Oct-24,PPL, B2C_NORM_MPN_PLCSPROSPECT_ALL_NA_KD NOOFF POS L SEMP DPDMNSPPL OCT21_MLANG,MOBILE PUSH,,17,,1.16,,7.0,66.0,,45.8549,10,2024,October
18-Oct-24,B,B2C_NORM_MPN_DIRECTBL_ALL_NA_PSBLGST_23SEP_ENG,MOBILE PUSH,1.0,0,1.0,0.0,1.0,0.0,0.0,0.0,0.0,10,2024,October
17-Oct-24,DL,B2C_NORM_MPN_PROFUNSECURED_ALL_NA_DOCTOR BASE DS XAOP_ENG,MOBILE PUSH,,2,100.0,0.5,100.0,2.0,2.0,0.0,0.0,10,2024,October
15-Oct-24,DL,B2C_NORM_MPN_PROFUNSECURED_ALL_NA_DOCTOR BASE DS XAOP_ENG,MOBILE PUSH,,3,115.0,0.45,115.0,0.0,0.0,0.0,0.0,10,2024,October
14-Oct-24,PPL, B2C_NORM_MPN_PLCSPROSPECT_ALL_NA_KD NOOFF POS H NONFOCSAL DPDMNSPPL OCT15_MLANG,MOBILE PUSH,,9,,1.29,,2.0,56.0,0.0,0.0,10,2024,October
14-Oct-24,PPL, B2C_NORM_MPN_PLCSPROSPECT_ALL_NA_KD NOOFF POS H FOC DPDMNSPPL OCT15_MLANG,MOBILE PUSH,,4,397.0,1.11,397.0,0.0,11.0,0.0,0.0,10,2024,October
14-Oct-24,PPL, B2C_NORM_MPN_PLCSPROSPECT_ALL_NA_KD NOOFF POS H NONFOCSEMP DPDMNSPPL OCT15_MLANG,MOBILE PUSH,,11,,1.31,,2.0,58.0,0.0,0.0,10,2024,October
14-Oct-24,PPL, B2C_NORM_MPN_PLCSPROSPECT_ALL_NA_KD NOOFF POS H FOC DPDMNSPPL OCT15_MLANG,MOBILE PUSH,,3,416.0,1.37,416.0,0.0,17.0,0.0,0.0,10,2024,October
13-Oct-24,DL,B2C_NORM_MPN_PROFUNSECURED_ALL_NA_DOCTOR BASE DS XAOP_ENG,MOBILE PUSH,,3,138.0,0.54,138.0,0.0,1.0,0.0,0.0,10,2024,October
10-Oct-24,DL,B2C_NORM_MPN_PROFUNSECURED_ALL_NA_DOCTOR BASE DS XAOP_ENG,MOBILE PUSH,,2,101.0,0.45,101.0,0.0,0.0,0.0,0.0,10,2024,October
10-Oct-24,PPL, B2C_NORM_MPN_PLCSPROSPECT_ALL_NA_KD NOOFF POS H NONFOCSAL DPDMNSPPL OCT11_ENG,MOBILE PUSH,,3,195.0,0.61,195.0,0.0,8.0,0.0,0.0,10,2024,October
10-Oct-24,PPL, B2C_NORM_MPN_PLCSPROSPECT_ALL_NA_KD OFF NONNEG H DPDMNSPPL OCT11_ENG,MOBILE PUSH,,1,47.0,0.53,47.0,0.0,3.0,0.0,0.0,10,2024,October
10-Oct-24,PPL, B2C_NORM_MPN_PLCSPROSPECT_ALL_NA_KD NOOFF POS H NONFOCSEMP DPDMNSPPL OCT11_ENG,MOBILE PUSH,,4,242.0,0.58,242.0,0.0,2.0,0.0,0.0,10,2024,October
10-Oct-24,PPL, B2C_NORM_MPN_PLCSPROSPECT_ALL_NA_KD NOOFF POS H FOC DPDMNSPPL OCT11_ENG,MOBILE PUSH,,2,96.0,0.64,96.0,1.0,0.0,0.0,0.0,10,2024,October
10-Oct-24,PPL,B2C_NORM_MPN_PLCSPROSPECT_ALL_NA_KD OFF NONNEG L DPDMNSPPL OCT11_MLANG,MOBILE PUSH,,3,221.0,0.66,221.0,1.0,10.0,0.0,0.0,10,2024,October
10-Oct-24,PPL, B2C_NORM_MPN_PLCSPROSPECT_ALL_NA_KD NOOFF POS L SEMP DPDMNSPPL OCT11_MLANG,MOBILE PUSH,,7,611.0,0.91,611.0,1.0,14.0,0.0,0.0,10,2024,October
10-Oct-24,PPL, B2C_NORM_MPN_PLCSPROSPECT_ALL_NA_KD NOOFF POS L SAL DPDMNSPPL OCT11_MLANG,MOBILE PUSH,,9,772.0,0.84,772.0,1.0,41.0,0.0,0.0,10,2024,October
08-Oct-24,DL,B2C_NORM_MPN_PROFUNSECURED_ALL_NA_DOCTOR BASE DS XAOP_ENG,MOBILE PUSH,,2,100.0,0.4,100.0,0.0,1.0,0.0,0.0,10,2024,October
07-Oct-24,PPL, B2C_NORM_MPN_PLCSPROSPECT_ALL_NA_KD NOOFF POS H FOC DPDMNSPPL OCT08_ENG,MOBILE PUSH,,4,341.0,0.87,341.0,1.0,13.0,,14.647,10,2024,October
07-Oct-24,PPL, B2C_NORM_MPN_PLCSPROSPECT_ALL_NA_KD NOOFF POS H NONFOCSEMP DPDMNSPPL OCT02_ENG,MOBILE PUSH,,11,755.0,0.72,755.0,2.0,26.0,0.0,0.0,10,2024,October
07-Oct-24,PPL, B2C_NORM_MPN_PLCSPROSPECT_ALL_NA_KD OFF NONNEG H DPDMNSPPL OCT08_ENG,MOBILE PUSH,,2,99.0,0.46,99.0,1.0,5.0,0.0,0.0,10,2024,October
07-Oct-24,PPL, B2C_NORM_MPN_PLCSPROSPECT_ALL_NA_KD NOOFF POS H NONFOCSAL DPDMNSPPL OCT08_ENG,MOBILE PUSH,,8,651.0,0.78,651.0,2.0,28.0,0.0,0.0,10,2024,October
06-Oct-24,DL,B2C_NORM_MPN_PROFUNSECURED_ALL_NA_DOCTOR BASE DS XAOP_ENG,MOBILE PUSH,,3,139.0,0.54,139.0,0.0,0.0,0.0,0.0,10,2024,October
05-Oct-24,PPL, B2C_NORM_MPN_PLCSPROSPECT_ALL_NA_KD NOOFF POS L SEMP DPDMNSPPL SEP04_ENG,MOBILE PUSH,1.0,0,0.0,0.0,0.0,0.0,0.0,0.0,0.0,10,2024,October
04-Oct-24,DL,B2C_NORM_MPN_PROFUNSECURED_ALL_NA_DOCTOR BASE DS XAOP_ENG,MOBILE PUSH,,2,125.0,0.53,125.0,0.0,1.0,0.0,0.0,10,2024,October
03-Oct-24,DL,B2C_NORM_MPN_PROFUNSECURED_ALL_NA_DOCTOR BASE DS XAOP_ENG,MOBILE PUSH,1.0,0,1.0,100.0,1.0,0.0,0.0,0.0,0.0,10,2024,October
03-Oct-24,PPL, B2C_NORM_MPN_PLCSPROSPECT_ALL_NA_KD NOOFF POS H FOC DPDMNSPPL OCT04_MLANG,MOBILE PUSH,,2,193.0,1.01,193.0,0.0,8.0,0.0,0.0,10,2024,October
03-Oct-24,PPL, B2C_NORM_MPN_PLCSPROSPECT_ALL_NA_KD NOOFF POS H NONFOCSEMP DPDMNSPPL OCT04_MLANG,MOBILE PUSH,,5,663.0,1.24,663.0,1.0,16.0,0.0,0.0,10,2024,October
03-Oct-24,PPL, B2C_NORM_MPN_PLCSPROSPECT_ALL_NA_KD NOOFF POS H FOC DPDMNSPPL OCT04_MLANG,MOBILE PUSH,,1,110.0,1.22,110.0,0.0,3.0,0.0,0.0,10,2024,October
03-Oct-24,PPL, B2C_NORM_MPN_PLCSPROSPECT_ALL_NA_KD NOOFF POS H NONFOCSAL DPDMNSPPL OCT04_MLANG,MOBILE PUSH,,4,521.0,1.22,521.0,0.0,23.0,0.0,0.0,10,2024,October
03-Oct-24,PPL, B2C_NORM_MPN_PLCSPROSPECT_ALL_NA_KD NOOFF POS L SAL DPDMNSPPL OCT04_MLANG,MOBILE PUSH,,13,,1.03,,2.0,63.0,,7.4125,10,2024,October
03-Oct-24,PPL, B2C_NORM_MPN_PLCSPROSPECT_ALL_NA_KD NOOFF POS L SEMP DPDMNSPPL OCT04_MLANG,MOBILE PUSH,,9,920.0,1.07,920.0,1.0,24.0,0.0,0.0,10,2024,October
03-Oct-24,PPL,B2C_NORM_MPN_PLCSPROSPECT_ALL_NA_KD OFF NONNEG L DPDMNSPPL OCT04_MLANG,MOBILE PUSH,,4,289.0,0.72,289.0,2.0,13.0,0.0,0.0,10,2024,October
02-Oct-24,B,DPPM_BL_OB_DPDM_SMS4,SMS,0.0,0,48.0,0.0,0.0,0.0,2.0,0.0,0.0,10,2024,October
02-Oct-24,DL,B2C_NORM_MPN_PROFUNSECURED_ALL_NA_DOCTOR BASE DS XAOP_ENG,MOBILE PUSH,,7,390.0,0.56,390.0,0.0,7.0,,167.4316,10,2024,October
01-Oct-24,B,DPPM_BL_OB_DPDMVSBLD_1,SMS,,14,414.0,0.29,0.0,0.0,38.0,0.0,0.0,10,2024,October
01-Oct-24,B,DPPM_BL_OB_DPDM_SMS3,SMS,0.0,0,52.0,0.0,0.0,0.0,4.0,0.0,0.0,10,2024,October
01-Oct-24,B,DPPM_BL_OB_DPDM_SMS2,SMS,0.0,0,73.0,0.0,0.0,0.0,4.0,0.0,0.0,10,2024,October
01-Oct-24,B,DPPM_BL_OB_DPDMVSBLD_3,SMS,,16,,0.84,0.0,0.0,108.0,0.0,0.0,10,2024,October
01-Oct-24,B,DPPM_BL_OB_DPDMVSBLD_2,SMS,,28,860.0,0.31,0.0,0.0,43.0,0.0,0.0,10,2024,October
01-Oct-24,B,DPPM_BL_OB_DPDMVSBLD_4,SMS,,12,811.0,0.68,0.0,0.0,40.0,0.0,0.0,10,2024,October
01-Oct-24,PPL, B2C_NORM_MPN_PLCSPROSPECT_ALL_NA_KD NOOFF SE H AUG28_MLANG,MOBILE PUSH,1.0,0,1.0,100.0,1.0,0.0,0.0,0.0,0.0,10,2024,October
01-Oct-24,DL,B2C_NORM_MPN_PROFUNSECURED_ALL_NA_DOCTOR BASE DS XAOP_ENG,MOBILE PUSH,,8,410.0,0.54,410.0,0.0,11.0,,299.2538,10,2024,October
01-Oct-24,DL,B2C_NORM_MPN_PROFUNSECURED_ALL_NA_DOCTOR BASE DS XAOP_ENG,MOBILE PUSH,,7,321.0,0.47,321.0,1.0,4.0,0.0,0.0,10,2024,October
01-Oct-24,PPL, B2C_NORM_MPN_PLCSPROSPECT_ALL_NA_KD NOOFF POS H FOC DPDMNSPPL OCT02_ENG,MOBILE PUSH,,3,379.0,1.18,379.0,0.0,15.0,0.0,0.0,10,2024,October
01-Oct-24,PPL, B2C_NORM_MPN_PLCSPROSPECT_ALL_NA_KD OFF NONNEG H DPDMNSPPL SEP02_ENG,MOBILE PUSH,,2,128.0,0.64,128.0,0.0,5.0,0.0,0.0,10,2024,October
01-Oct-24,PPL, B2C_NORM_MPN_PLCSPROSPECT_ALL_NA_KD NOOFF POS H NONFOCSEMP DPDMNSPPL OCT02_ENG,MOBILE PUSH,,9,,1.14,,0.0,28.0,,5.5493,10,2024,October
01-Oct-24,PPL, B2C_NORM_MPN_PLCSPROSPECT_ALL_NA_KD NOOFF POS H NONFOCSAL DPDMNSPPL OCT02_ENG,MOBILE PUSH,,7,710.0,1.08,710.0,2.0,45.0,,12.8407,10,2024,October
30-Sep-24,PPL, B2C_NORM_MPN_PLCSPROSPECT_ALL_NA_KD NOOFF POS H FOC DPDMNSPPL SEP30_MLANG,MOBILE PUSH,,2,215.0,1.16,215.0,2.0,7.0,0.0,0.0,9,2024,September
30-Sep-24,PPL, B2C_NORM_MPN_PLCSPROSPECT_ALL_NA_KD NOOFF POS H NONFOCSEMP DPDMNSPPL SEP30_MLANG,MOBILE PUSH,,7,881.0,1.3,881.0,11.0,23.0,0.0,0.0,9,2024,September
30-Sep-24,PPL, B2C_NORM_MPN_PLCSPROSPECT_ALL_NA_KD NOOFF POS H FOC DPDMNSPPL SEP30_MLANG,MOBILE PUSH,,2,232.0,1.1,232.0,2.0,7.0,0.0,0.0,9,2024,September
29-Sep-24,PPL, B2C_NORM_MPN_PLCSPROSPECT_ALL_NA_KD NOOFF POS H NONFOCSAL DPDMNSPPL SEP30_MLANG,MOBILE PUSH,,6,845.0,1.48,845.0,5.0,38.0,,24.1032,9,2024,September
26-Sep-24,PPL, B2C_NORM_MPN_PLCSPROSPECT_ALL_NA_KD NOOFF POS H NONFOCSEMP DPDMNSPPL SEP27_MLANG,MOBILE PUSH,,12,,1.2,,17.0,40.0,0.0,0.0,9,2024,September
26-Sep-24,PPL, B2C_NORM_MPN_PLCSPROSPECT_ALL_NA_KD NOOFF POS H FOC DPDMNSPPL SEP27_MLANG,MOBILE PUSH,,4,398.0,1.02,398.0,8.0,25.0,0.0,0.0,9,2024,September
26-Sep-24,PPL, B2C_NORM_MPN_PLCSPROSPECT_ALL_NA_KD NOOFF POS H NONFOCSAL DPDMNSPPL SEP27_MLANG,MOBILE PUSH,,10,,1.28,,17.0,68.0,0.0,0.0,9,2024,September
26-Sep-24,PPL, B2C_NORM_MPN_PLCSPROSPECT_ALL_NA_KD OFF NONNEG H DPDMNSPPL SEP27_MLANG,MOBILE PUSH,,2,116.0,0.68,116.0,0.0,9.0,0.0,0.0,9,2024,September
26-Sep-24,PPL, B2C_NORM_MPN_PLCSPROSPECT_ALL_NA_KD NOOFF POS H FOC DPDMNSPPL SEP27_MLANG,MOBILE PUSH,,3,449.0,1.37,449.0,3.0,20.0,0.0,0.0,9,2024,September
23-Sep-24,DL,B2C_NORM_MPN_PROFUNSECURED_ALL_NA_DOCTOR BASE DS XAOP_ENG,MOBILE PUSH,,7,410.0,0.59,410.0,0.0,7.0,,95.2865,9,2024,September
22-Sep-24,PPL, B2C_NORM_MPN_PLCSPROSPECT_ALL_NA_KD NOOFF POS H NONFOCSAL DPDMNSPPL SEP23_MLANG,MOBILE PUSH,,5,554.0,1.02,554.0,17.0,22.0,0.0,0.0,9,2024,September
22-Sep-24,PPL, B2C_NORM_MPN_PLCSPROSPECT_ALL_NA_KD NOOFF POS H FOC DPDMNSPPL SEP23_MLANG,MOBILE PUSH,,3,258.0,0.92,258.0,8.0,5.0,0.0,0.0,9,2024,September
22-Sep-24,PPL, B2C_NORM_MPN_PLCSPROSPECT_ALL_NA_KD OFF NONNEG H DPDMNSPPL SEP23_MLANG,MOBILE PUSH,,2,100.0,0.65,100.0,3.0,7.0,0.0,0.0,9,2024,September
22-Sep-24,PPL, B2C_NORM_MPN_PLCSPROSPECT_ALL_NA_KD NOOFF POS H FOC DPDMNSPPL SEP23_MLANG,MOBILE PUSH,,1,108.0,1.0,108.0,2.0,5.0,0.0,0.0,9,2024,September
21-Sep-24,DL,B2C_NORM_MPN_PROFUNSECURED_ALL_NA_DOCTOR BASE DS XAOP_ENG,MOBILE PUSH,1.0,0,0.0,0.0,0.0,0.0,0.0,0.0,0.0,9,2024,September
21-Sep-24,B,B2C_NORM_MPN_DIRECTBL_ALL_NA_PSBLGST_23SEP_ENG,MOBILE PUSH,0.0,0,,0.0,,0.0,143.0,0.0,0.0,9,2024,September
21-Sep-24,PPL, B2C_NORM_MPN_PLCSPROSPECT_ALL_NA_KD NOOFF POS H NONFOCSEMP DPDMNSPPL SEP23_MLANG,MOBILE PUSH,,7,737.0,1.01,737.0,20.0,14.0,,14.1266,9,2024,September
19-Sep-24,PPL,DPPM_PPL_OB_MODEL_H_SMS_L_DPDMVSPPL,SMS,,10,246.0,0.25,0.0,0.0,22.0,0.0,0.0,9,2024,September
19-Sep-24,PPL, B2C_NORM_MPN_PLCSPROSPECT_ALL_NA_KD NOOFF POS L SAL DPDMNSPPL SEP20_MLANG,MOBILE PUSH,,20,,0.81,,23.0,75.0,,21.1858,9,2024,September
18-Sep-24,PPL, B2C_NORM_MPN_PLCSPROSPECT_ALL_NA_KD NOOFF POS H NONFOCSEMP DPDMNSPPL SEP18_ENG,MOBILE PUSH,,8,650.0,0.84,650.0,26.0,22.0,0.0,0.0,9,2024,September
18-Sep-24,DL,B2C_NORM_MPN_PROFUNSECURED_ALL_NA_DOCTOR BASE DS XAOP_ENG,MOBILE PUSH,,6,345.0,0.57,345.0,1.0,7.0,0.0,0.0,9,2024,September
18-Sep-24,PPL, B2C_NORM_MPN_PLCSPROSPECT_ALL_NA_KD OFF NONNEG H DPDMNSPPL SEP19_MLANG,MOBILE PUSH,,2,135.0,0.69,135.0,2.0,11.0,0.0,0.0,9,2024,September
18-Sep-24,PPL, B2C_NORM_MPN_PLCSPROSPECT_ALL_NA_KD NOOFF POS H NONFOCSEMP DPDMNSPPL SEP19_MLANG,MOBILE PUSH,,8,733.0,0.91,733.0,26.0,17.0,,14.7057,9,2024,September
18-Sep-24,PPL, B2C_NORM_MPN_PLCSPROSPECT_ALL_NA_KD NOOFF POS H NONFOCSAL DPDMNSPPL SEP19_MLANG,MOBILE PUSH,,6,567.0,0.98,567.0,13.0,18.0,,17.7698,9,2024,September
18-Sep-24,PPL, B2C_NORM_MPN_PLCSPROSPECT_ALL_NA_KD NOOFF POS L SEMP DPDMNSPPL SEP20_MLANG,MOBILE PUSH,,14,,0.86,,21.0,38.0,0.0,0.0,9,2024,September
17-Sep-24,PPL, B2C_NORM_AIB_PLCSPROSPECT_ALL_NA_KD OFF NONNEG H DPDMNSPPL SEP17_ENG,MOBILE PUSH,3.0,0,3.0,100.0,3.0,0.0,1.0,0.0,0.0,9,2024,September
17-Sep-24,PPL, B2C_NORM_AIB_PLCSPROSPECT_ALL_NA_KD NOOFF POS H FOC DPDMNSPPL SEP17_ENG,MOBILE PUSH,4.0,0,4.0,100.0,4.0,0.0,0.0,0.0,0.0,9,2024,September
17-Sep-24,PPL, B2C_NORM_AIB_PLCSPROSPECT_ALL_NA_KD NOOFF POS H NONFOCSEMP DPDMNSPPL SEP17_ENG,MOBILE PUSH,5.0,0,5.0,100.0,5.0,0.0,0.0,0.0,0.0,9,2024,September
17-Sep-24,PPL, B2C_NORM_AIB_PLCSPROSPECT_ALL_NA_KD NOOFF POS H NONFOCSAL DPDMNSPPL SEP17_ENG,MOBILE PUSH,14.0,0,14.0,100.0,14.0,0.0,2.0,0.0,0.0,9,2024,September
17-Sep-24,PPL, B2C_NORM_AIB_PLCSPROSPECT_ALL_NA_KD OFF NONNEG L DPDMNSPPL SEP17_ENG,MOBILE PUSH,8.0,0,8.0,100.0,8.0,0.0,4.0,0.0,0.0,9,2024,September
17-Sep-24,PPL, B2C_NORM_AIB_PLCSPROSPECT_ALL_NA_KD NOOFF POS L SEMP DPDMNSPPL SEP17_ENG,MOBILE PUSH,6.0,0,6.0,100.0,6.0,0.0,0.0,0.0,0.0,9,2024,September
17-Sep-24,PPL, B2C_NORM_AIB_PLCSPROSPECT_ALL_NA_KD NOOFF POS L SAL DPDMNSPPL SEP17_ENG,MOBILE PUSH,22.0,0,22.0,100.0,22.0,0.0,7.0,0.0,0.0,9,2024,September
17-Sep-24,PPL, B2C_NORM_MPN_PLCSPROSPECT_ALL_NA_KD OFF NONNEG H DPDMNSPPL SEP09_ENG,MOBILE PUSH,,2,109.0,0.58,109.0,5.0,3.0,0.0,0.0,9,2024,September
17-Sep-24,PPL, B2C_NORM_MPN_PLCSPROSPECT_ALL_NA_KD NOOFF POS H FOC DPDMNSPPL SEP18_ENG,MOBILE PUSH,,3,229.0,0.79,229.0,5.0,8.0,0.0,0.0,9,2024,September
17-Sep-24,PPL, B2C_NORM_MPN_PLCSPROSPECT_ALL_NA_KD NOOFF POS H NONFOCSAL DPDMNSPPL SEP18_ENG,MOBILE PUSH,,6,552.0,0.99,552.0,9.0,20.0,0.0,0.0,9,2024,September
17-Sep-24,PPL, B2C_NORM_MPN_PLCSPROSPECT_ALL_NA_KD NOOFF POS H FOC DPDMNSPPL SEP19_MLANG,MOBILE PUSH,,3,279.0,0.92,279.0,4.0,8.0,0.0,0.0,9,2024,September
17-Sep-24,PPL,B2C_NORM_MPN_PLCSPROSPECT_ALL_NA_KD OFF NONNEG L DPDMNSPPL SEP19_MLANG,MOBILE PUSH,,7,439.0,0.62,439.0,13.0,25.0,0.0,0.0,9,2024,September
16-Sep-24,PPL,DPPM_PPL_OB_MODEL_H_SMS_L_m_pplmhsl_16_09_00_DPDMVSPPL,SMS,,5,453.0,0.97,0.0,0.0,26.0,0.0,0.0,9,2024,September
15-Sep-24,DL,B2C_NORM_MPN_PROFUNSECURED_ALL_NA_DOCTOR BASE DS XAOP_ENG,MOBILE PUSH,,6,338.0,0.56,338.0,1.0,9.0,0.0,0.0,9,2024,September
14-Sep-24,PPL, B2C_NORM_MPN_PLCSPROSPECT_ALL_NA_KD NOOFF SE L AUG28_MLANG,MOBILE PUSH,1.0,0,0.0,0.0,0.0,0.0,0.0,0.0,0.0,9,2024,September
13-Sep-24,PPL,DPPM_PPL_OB_MODEL_H_SMS_NA_m_pplmhsna_13_09_00_DPDMVSPPL,SMS,,3,343.0,1.37,0.0,0.0,23.0,0.0,0.0,9,2024,September
13-Sep-24,DL,B2C_NORM_MPN_PROFUNSECURED_ALL_NA_DOCTOR BASE DS XAOP_ENG,MOBILE PUSH,,6,306.0,0.55,306.0,0.0,4.0,0.0,0.0,9,2024,September
10-Sep-24,PPL,DPPM_PPL_OB_MODEL_L_SMS_HM_DPDMVSPPL,SMS,,17,,2.38,0.0,0.0,91.0,,10.8432,9,2024,September
10-Sep-24,DL,B2C_NORM_MPN_PROFUNSECURED_ALL_NA_DOCTOR BASE DS XAOP_ENG,MOBILE PUSH,,5,351.0,0.66,351.0,0.0,6.0,0.0,0.0,9,2024,September
09-Sep-24,PPL,DPPM_PPL_OB_MODEL_H_SMS_HM_m_pplmhshm_09_09_00_DPDMVSPPL,SMS,,3,418.0,1.61,0.0,0.0,39.0,0.0,0.0,9,2024,September
09-Sep-24,PPL,DPPM_PPL_OB_MODEL_H_SMS_HM_DPDMVSPPL,SMS,,9,,3.17,0.0,0.0,28.0,,20.6843,9,2024,September
08-Sep-24,PPL, B2C_NORM_MPN_PLCSPROSPECT_ALL_NA_KD OFF NONNEG H DPDMNSPPL SEP09_ENG,MOBILE PUSH,,2,113.0,0.53,113.0,0.0,3.0,0.0,0.0,9,2024,September
08-Sep-24,PPL, B2C_NORM_MPN_PLCSPROSPECT_ALL_NA_KD NOOFF POS H FOC DPDMNSPPL SEP09_ENG,MOBILE PUSH,,3,207.0,0.64,207.0,0.0,3.0,0.0,0.0,9,2024,September
08-Sep-24,PPL, B2C_NORM_MPN_PLCSPROSPECT_ALL_NA_KD NOOFF POS H NONFOCSEMP DPDMNSPPL SEP09_ENG,MOBILE PUSH,,8,524.0,0.64,524.0,0.0,7.0,0.0,0.0,9,2024,September
08-Sep-24,PPL, B2C_NORM_MPN_PLCSPROSPECT_ALL_NA_KD NOOFF POS H NONFOCSAL DPDMNSPPL SEP09_ENG,MOBILE PUSH,,6,337.0,0.55,337.0,0.0,5.0,0.0,0.0,9,2024,September
08-Sep-24,PPL, B2C_NORM_MPN_PLCSPROSPECT_ALL_NA_KD NOOFF POS L SEMP DPDMNSPPL SEP09_ENG,MOBILE PUSH,,15,856.0,0.58,856.0,3.0,11.0,0.0,0.0,9,2024,September
08-Sep-24,PPL, B2C_NORM_MPN_PLCSPROSPECT_ALL_NA_KD NOOFF POS L SAL DPDMNSPPL SEP09_ENG,MOBILE PUSH,,20,,0.54,,3.0,15.0,0.0,0.0,9,2024,September
07-Sep-24,PPL, B2C_NORM_MPN_PLCSPROSPECT_ALL_NA_KD NOOFF SE L AUG22_MLANG,MOBILE PUSH,2.0,0,0.0,0.0,0.0,0.0,0.0,0.0,0.0,9,2024,September
07-Sep-24,PPL, B2C_NORM_MPN_PLCSPROSPECT_ALL_NA_KD OFF NONNEG L DPDMNSPPL SEP09_ENG,MOBILE PUSH,,8,376.0,0.48,376.0,4.0,10.0,0.0,0.0,9,2024,September
06-Sep-24,DL,B2C_NORM_MPN_PROFUNSECURED_ALL_NA_DOCTOR BASE DS XAOP_ENG,MOBILE PUSH,,5,271.0,0.51,271.0,0.0,3.0,0.0,0.0,9,2024,September
06-Sep-24,PPL, B2C_NORM_MPN_PLCSPROSPECT_ALL_NA_KD OFF NONNEG H DPDMNSPPL SEP0_ENG,MOBILE PUSH,,1,76.0,0.52,76.0,0.0,0.0,0.0,0.0,9,2024,September
06-Sep-24,PPL, B2C_NORM_MPN_PLCSPROSPECT_ALL_NA_KD NOOFF POS H FOC DPDMNSPPL SEP07_ENG,MOBILE PUSH,,2,95.0,0.48,95.0,2.0,2.0,0.0,0.0,9,2024,September
06-Sep-24,PPL, B2C_NORM_MPN_PLCSPROSPECT_ALL_NA_KD NOOFF POS H NONFOCSEMP DPDMNSPPL SEP07_ENG,MOBILE PUSH,,5,281.0,0.62,281.0,2.0,5.0,0.0,0.0,9,2024,September
06-Sep-24,PPL, B2C_NORM_MPN_PLCSPROSPECT_ALL_NA_KD NOOFF POS H NONFOCSAL DPDMNSPPL SEP07_ENG,MOBILE PUSH,,3,190.0,0.57,190.0,0.0,3.0,0.0,0.0,9,2024,September
04-Sep-24,PPL, B2C_NORM_MPN_PLCSPROSPECT_ALL_NA_KD NOOFF SAL H AUG22_MLANG,MOBILE PUSH,1.0,0,0.0,0.0,0.0,0.0,0.0,0.0,0.0,9,2024,September
04-Sep-24,PPL, B2C_NORM_MPN_PLCSPROSPECT_ALL_NA_KD NOOFF SE H AUG22_MLANG,MOBILE PUSH,1.0,0,0.0,0.0,0.0,0.0,0.0,0.0,0.0,9,2024,September
04-Sep-24,DL,B2C_NORM_MPN_PROFUNSECURED_ALL_NA_DOCTOR BASE DS XAOP_ENG,MOBILE PUSH,,6,431.0,0.69,431.0,0.0,11.0,,94.4283,9,2024,September
03-Sep-24,B,DPPM_BL_OB_DPDM_SMS4,SMS,,13,,0.79,0.0,0.0,40.0,0.0,0.0,9,2024,September
03-Sep-24,PPL, B2C_NORM_MPN_PLCSPROSPECT_ALL_NA_KD OFF NONNEG L DPDMNSPPL SEP04_ENG,MOBILE PUSH,,8,489.0,0.6,489.0,1.0,12.0,0.0,0.0,9,2024,September
03-Sep-24,PPL, B2C_NORM_MPN_PLCSPROSPECT_ALL_NA_KD NOOFF POS L SAL DPDMNSPPL SEP03_ENG,MOBILE PUSH,,22,,0.75,,2.0,49.0,0.0,0.0,9,2024,September
02-Sep-24,B,DPPM_BL_OB_DPDM_SMS1,SMS,,18,12.0,0.01,0.0,0.0,0.0,0.0,0.0,9,2024,September
02-Sep-24,B,DPPM_BL_OB_DPDM_SMS3,SMS,,16,,1.0,0.0,0.0,110.0,0.0,0.0,9,2024,September
02-Sep-24,B,DPPM_BL_OB_DPDMVSBLD_4,SMS,0.0,0,786.0,0.0,0.0,0.0,17.0,0.0,0.0,9,2024,September
02-Sep-24,PPL, B2C_NORM_MPN_PLCSPROSPECT_ALL_NA_KD NOOFF FOC H AUG28_MLANG,MOBILE PUSH,2.0,0,2.0,100.0,2.0,0.0,0.0,0.0,0.0,9,2024,September
02-Sep-24,PPL, B2C_NORM_MPN_PLCSPROSPECT_ALL_NA_KD NOOFF POS H NONFOCSAL DPDMNSPPL SEP03_ENG,MOBILE PUSH,,6,677.0,1.14,677.0,1.0,28.0,,13.7776,9,2024,September
02-Sep-24,PPL, B2C_NORM_MPN_PLCSPROSPECT_ALL_NA_KD NOOFF POS H NONFOCSEMP DPDMNSPPL SEP03_ENG,MOBILE PUSH,,8,901.0,1.16,901.0,5.0,29.0,0.0,0.0,9,2024,September
02-Sep-24,PPL, B2C_NORM_MPN_PLCSPROSPECT_ALL_NA_KD OFF NONNEG H DPDMNSPPL SEP02_ENG,MOBILE PUSH,,2,123.0,0.69,123.0,1.0,13.0,0.0,0.0,9,2024,September
02-Sep-24,PPL, B2C_NORM_MPN_PLCSPROSPECT_ALL_NA_KD NOOFF POS H FOC DPDMNSPPL SEP03_ENG,MOBILE PUSH,,3,329.0,1.15,329.0,0.0,9.0,0.0,0.0,9,2024,September
01-Sep-24,B,DPPM_BL_OB_AFFI_SMS2,SMS,0.0,0,23.0,0.0,0.0,0.0,0.0,0.0,0.0,9,2024,September
01-Sep-24,B,DPPM_BL_OB_DPDMVSBLD_1,SMS,0.0,0,,0.0,0.0,0.0,100.0,0.0,0.0,9,2024,September
01-Sep-24,B,DPPM_BL_OB_DPDM_SMS2,SMS,,30,,0.83,0.0,0.0,188.0,0.0,0.0,9,2024,September
01-Sep-24,B,DPPM_BL_OB_DPDMVSBLD_3,SMS,0.0,0,,0.0,0.0,0.0,51.0,0.0,0.0,9,2024,September
01-Sep-24,B,DPPM_BL_OB_DPDMVSBLD_2,SMS,0.0,0,,0.0,0.0,0.0,81.0,0.0,0.0,9,2024,September
01-Sep-24,PPL, B2C_NORM_MPN_PLCSPROSPECT_ALL_NA_KD NOOFF SAL L AUG28_MLANG,MOBILE PUSH,3.0,0,1.0,33.33,1.0,0.0,0.0,0.0,0.0,9,2024,September
01-Sep-24,PPL, B2C_NORM_MPN_PLCSPROSPECT_ALL_NA_KD NOOFF SAL H AUG28_MLANG,MOBILE PUSH,1.0,0,1.0,100.0,1.0,1.0,0.0,0.0,0.0,9,2024,September
01-Sep-24,PPL, B2C_NORM_MPN_PLCSPROSPECT_ALL_NA_KD OFF L AUG27_MLANG,MOBILE PUSH,3.0,0,3.0,100.0,3.0,0.0,0.0,0.0,0.0,9,2024,September
01-Sep-24,DL,B2C_NORM_MPN_PROFUNSECURED_ALL_NA_DOCTOR BASE DS XAOP_ENG,MOBILE PUSH,208.0,0,6.0,2.88,6.0,0.0,1.0,0.0,0.0,9,2024,September
01-Sep-24,DL,B2C_NORM_MPN_PROFUNSECURED_ALL_NA_DOCTOR BASE DS XAOP_ENG,MOBILE PUSH,,6,372.0,0.62,372.0,1.0,3.0,,154.5799,9,2024,September
01-Sep-24,DL,B2C_NORM_MPN_PROFUNSECURED_ALL_NA_DOCTOR BASE DS XAOP_ENG,MOBILE PUSH,,7,459.0,0.67,459.0,0.0,3.0,0.0,0.0,9,2024,September
01-Sep-24,PPL, B2C_NORM_MPN_PLCSPROSPECT_ALL_NA_KD NOOFF POS H FOC DPDMNSPPL SEP02_ENG,MOBILE PUSH,,2,130.0,0.8,130.0,0.0,2.0,0.0,0.0,9,2024,September
01-Sep-24,PPL, B2C_NORM_MPN_PLCSPROSPECT_ALL_NA_KD OFF NONNEG H DPDMNSPPL SEP02_ENG,MOBILE PUSH,,1,64.0,0.52,64.0,2.0,4.0,,12.3203,9,2024,September
01-Sep-24,PPL, B2C_NORM_MPN_PLCSPROSPECT_ALL_NA_KD NOOFF POS H NONFOCSEMP DPDMNSPPL SEP02_ENG,MOBILE PUSH,,4,363.0,0.87,363.0,0.0,3.0,0.0,0.0,9,2024,September
01-Sep-24,PPL, B2C_NORM_MPN_PLCSPROSPECT_ALL_NA_KD NOOFF POS H NONFOCSAL DPDMNSPPL SEP02_ENG,MOBILE PUSH,,3,290.0,0.83,290.0,0.0,7.0,0.0,0.0,9,2024,September
27-Aug-24,PPL, B2C_NORM_MPN_PLCSPROSPECT_ALL_NA_KD OFF H AUG27_MLANG,MOBILE PUSH,,0,7.0,0.33,7.0,0.0,0.0,0.0,0.0,8,2024,August
21-Aug-24,B,B2C_NORM_MPN_DIRECTBL_ALL_NA_PSBLXAOP_17AUG_Eng,MOBILE PUSH,,13,,1.3,,0.0,35.0,0.0,0.0,8,2024,August
21-Aug-24,PPL, B2C_NORM_MPN_PLCSPROSPECT_ALL_NA_KD OFF H AUG21_MLANG,MOBILE PUSH,,0,16.0,0.61,16.0,0.0,0.0,0.0,0.0,8,2024,August
21-Aug-24,PPL, B2C_NORM_MPN_PLCSPROSPECT_ALL_NA_KD NOOFF SAL L AUG22_MLANG,MOBILE PUSH,,24,,0.93,,9.0,86.0,0.0,0.0,8,2024,August
20-Aug-24,DL,B2C_NORM_MPN_PROFUNSECURED_ALL_NA_DOCTOR BASE DS XAOP_ENG,MOBILE PUSH,,6,411.0,0.65,411.0,0.0,12.0,,38.8067,8,2024,August
20-Aug-24,PPL, B2C_NORM_MPN_PLCSPROSPECT_ALL_NA_KD NOOFF FOC H AUG21_MLANG,MOBILE PUSH,,3,301.0,1.08,301.0,1.0,11.0,0.0,0.0,8,2024,August
19-Aug-24,PPL, B2C_NORM_MPN_PLCSPROSPECT_ALL_NA_KD OFF L AUG21_MLANG,MOBILE PUSH,,12,675.0,0.57,675.0,5.0,28.0,0.0,0.0,8,2024,August
18-Aug-24,DL,B2C_NORM_MPN_PROFUNSECURED_ALL_NA_DOCTOR BASE DS XAOP_ENG,MOBILE PUSH,,6,390.0,0.71,390.0,0.0,15.0,0.0,0.0,8,2024,August
17-Aug-24,B,B2C_NORM_MPN_DIRECTBL_ALL_NA_PSBLDS_16uly_Eng,MOBILE PUSH,3.0,0,1.0,0.0,1.0,0.0,0.0,0.0,0.0,8,2024,August
17-Aug-24,B,B2C_NORM_MPN_DIRECTBL_ALL_NA_PSBLXAOP_17AUG_Eng,MOBILE PUSH,,29,,1.54,,4.0,119.0,0.0,0.0,8,2024,August
16-Aug-24,B,DPPM_BL_OB_DPDMVSBLD_3,SMS,0.0,0,565.0,0.0,0.0,0.0,23.0,0.0,0.0,8,2024,August
16-Aug-24,DL,B2C_NORM_MPN_PROFUNSECURED_ALL_NA_DOCTOR BASE DS XAOP_ENG,MOBILE PUSH,,6,383.0,0.61,383.0,1.0,3.0,0.0,0.0,8,2024,August
13-Aug-24,DL,B2C_NORM_MPN_PROFUNSECURED_ALL_NA_DOCTOR BASE DS XAOP_ENG,MOBILE PUSH,,6,319.0,0.52,319.0,1.0,3.0,0.0,0.0,8,2024,August
12-Aug-24,B,DPPM_BL_OB_DPDMVSBLD_2,SMS,0.0,0,,0.0,0.0,0.0,158.0,0.0,0.0,8,2024,August
12-Aug-24,B,DPPM_BL_OB_DPDMVSBLD_4,SMS,0.0,0,729.0,0.0,0.0,0.0,35.0,0.0,0.0,8,2024,August
11-Aug-24,DL,B2C_NORM_MPN_PROFUNSECURED_ALL_NA_DOCTOR BASE DS XAOP_ENG,MOBILE PUSH,,6,428.0,0.73,428.0,0.0,17.0,0.0,0.0,8,2024,August
10-Aug-24,B,B2C_NORM_MPN_DIRECTBL_ALL_NA_PSBLXAOP_8AUG_MLANG_DPDMVSBLD,MOBILE PUSH,,6,299.0,0.47,299.0,2.0,5.0,0.0,0.0,8,2024,August
09-Aug-24,B,DPPM_BL_OB_DPDMVSBLD_1,SMS,0.0,0,,0.0,0.0,0.0,167.0,0.0,0.0,8,2024,August
09-Aug-24,B,DPPM_BL_OB_DPDMVSBLD_1,SMS,0.0,0,649.0,0.0,0.0,0.0,39.0,0.0,0.0,8,2024,August
08-Aug-24,DL,B2C_NORM_MPN_PROFUNSECURED_ALL_NA_DOCTOR BASE DS XAOP_ENG,MOBILE PUSH,,7,433.0,0.64,433.0,1.0,7.0,,80.169,8,2024,August
08-Aug-24,B,B2C_NORM_MPN_DIRECTBL_ALL_NA_PSBLXAOP_8AUG_Eng_DPDMVSBLD,MOBILE PUSH,,32,,1.47,,2.0,252.0,,463.8887,8,2024,August
06-Aug-24,B,DPPM_BL_OB_DPDM_SMS4,SMS,,11,920.0,0.8,0.0,0.0,41.0,0.0,0.0,8,2024,August
06-Aug-24,DL,B2C_NORM_MPN_PROFUNSECURED_ALL_NA_DOCTOR BASE DS XAOP_ENG,MOBILE PUSH,,6,523.0,0.81,523.0,0.0,26.0,0.0,0.0,8,2024,August
04-Aug-24,DL,B2C_NORM_MPN_PROFUNSECURED_ALL_NA_DOCTOR BASE DS XAOP_ENG,MOBILE PUSH,,5,365.0,0.68,365.0,0.0,6.0,0.0,0.0,8,2024,August
02-Aug-24,B,DPPM_BL_OB_DPDM_SMS3,SMS,,13,,1.33,0.0,0.0,107.0,0.0,0.0,8,2024,August
02-Aug-24,B,DPPM_BL_OB_DPDM_SMS2,SMS,,3,,7.73,0.0,0.0,235.0,0.0,0.0,8,2024,August
02-Aug-24,B,B2C_NORM_MPN_DIRECTBL_ALL_NA_PSBLDS_17uly_Eng,MOBILE PUSH,0.0,0,2.0,0.0,2.0,0.0,0.0,0.0,0.0,8,2024,August
01-Aug-24,B,DPPM_BL_OB_AFFI_SMS2,SMS,0.0,0,818.0,0.0,0.0,0.0,16.0,,188.0745,8,2024,August
01-Aug-24,B,DPPM_BL_OB_DPDM_SMS1,SMS,,13,,1.45,0.0,0.0,131.0,0.0,0.0,8,2024,August
01-Aug-24,B,DPPM_BL_OB_DPDM_SMS4,SMS,0.0,0,11.0,0.0,0.0,0.0,1.0,0.0,0.0,8,2024,August
01-Aug-24,B,B2C_NORM_MPN_DIRECTBL_ALL_NA_PSBLDS_17uly_Eng,MOBILE PUSH,0.0,0,3.0,0.0,3.0,0.0,0.0,0.0,0.0,8,2024,August
01-Aug-24,DL,B2C_NORM_MPN_PROFUNSECURED_ALL_NA_DOCTOR BASE DS XAOP_ENG,MOBILE PUSH,,5,388.0,0.77,388.0,1.0,6.0,0.0,0.0,8,2024,August
01-Aug-24,B,B2C_NORM_MPN_DIRECTBL_ALL_NA_PSBLDS_1Aug_Eng,MOBILE PUSH,0.0,0,510.0,0.0,510.0,0.0,1.0,0.0,0.0,8,2024,August
29-Jul-24,DL,B2C_NORM_MPN_PROFUNSECURED_ALL_NA_DOCTOR BASE XAOP_ENG,MOBILE PUSH,,5,440.0,0.8,440.0,0.0,9.0,0.0,0.0,7,2024,July
26-Jul-24,DL,B2C_NORM_MPN_PROFUNSECURED_ALL_NA_DOCTOR TY OFFER BASE XAOP_ENG,MOBILE PUSH,,3,169.0,0.57,169.0,0.0,11.0,0.0,0.0,7,2024,July
25-Jul-24,B,B2C_NORM_MPN_DIRECTBL_ALL_NA_PSBLDS_17uly_Eng,MOBILE PUSH,0.0,0,,0.0,,0.0,31.0,0.0,0.0,7,2024,July
23-Jul-24,B,B2C_NORM_MPN_DIRECTBL_ALL_NA_PSBLDS_17uly_Eng,MOBILE PUSH,0.0,0,,0.0,,0.0,28.0,0.0,0.0,7,2024,July
22-Jul-24,B,DPPM_BL_OB_DPDM_SMS1,SMS,,11,,1.08,0.0,0.0,108.0,0.0,0.0,7,2024,July
21-Jul-24,B,B2C_NORM_MPN_DIRECTBL_ALL_NA_PSBLDS_17uly_Eng,MOBILE PUSH,0.0,0,735.0,0.0,735.0,0.0,5.0,0.0,0.0,7,2024,July
19-Jul-24,B,DPPM_BL_OB_DPDM_SMS3,SMS,,11,,1.28,0.0,0.0,116.0,0.0,0.0,7,2024,July
19-Jul-24,B,DPPM_BL_OB_DPDM_SMS4,SMS,,9,825.0,0.93,0.0,0.0,34.0,0.0,0.0,7,2024,July
19-Jul-24,B,B2C_NORM_MPN_DIRECTBL_ALL_NA_PSBLDS_17uly_Eng,MOBILE PUSH,0.0,0,,0.0,,0.0,27.0,0.0,0.0,7,2024,July
18-Jul-24,B,B2C_NORM_MPN_DIRECTBL_ALL_NA_PSBLDS_17uly_Eng,MOBILE PUSH,0.0,0,,0.0,,0.0,37.0,0.0,0.0,7,2024,July
18-Jul-24,B,B2C_NORM_MPN_DIRECTBL_ALL_NA_PSBLDS_17uly_Eng,MOBILE PUSH,0.0,0,,0.0,,0.0,27.0,0.0,0.0,7,2024,July
17-Jul-24,B,B2C_NORM_MPN_DIRECTBL_ALL_NA_PSBLDS_16uly_Eng,MOBILE PUSH,0.0,0,,0.0,,0.0,67.0,0.0,0.0,7,2024,July
06-Jul-24,B,B2C_NORM_MPN_DIRECTBL_ALL_NA_AP2_24-06-2024_English,MOBILE PUSH,0.0,0,1.0,0.0,1.0,0.0,0.0,0.0,0.0,7,2024,July
02-Jul-24,B,DPPM_BL_OB_AFFI_SMS2,SMS,,8,,5.66,0.0,0.0,92.0,0.0,0.0,7,2024,July
02-Jul-24,B,DPPM_BL_OB_AFFI_SMS4,SMS,,21,,3.5,0.0,0.0,173.0,0.0,0.0,7,2024,July
02-Jul-24,B,DPPM_BL_OB_AFFI_SMS3,SMS,,13,,1.75,0.0,0.0,171.0,,156.3568,7,2024,July
01-Jul-24,B,DPPM_BL_OB_AFFI_SMS1,SMS,,16,,0.7,0.0,0.0,65.0,0.0,0.0,7,2024,July
01-Jul-24,B,DPPM_BL_OB_AFFI_SMS2,SMS,0.0,0,92.0,0.0,0.0,0.0,0.0,0.0,0.0,7,2024,July
01-Jul-24,B,DPPM_BL_OB_AFFI_SMS3,SMS,0.0,0,6.0,0.0,0.0,0.0,1.0,0.0,0.0,7,2024,July
28-Jun-24,DL,B2C_NORM_MPN_PROFUNSECURED_ALL_NA_DOCTOR TEASER DW DS P1 BASE_ENG,MOBILE PUSH,,2,96.0,0.45,96.0,0.0,1.0,0.0,0.0,6,2024,June
28-Jun-24,DL,B2C_NORM_MPN_PROFUNSECURED_ALL_NA_DOCTOR TEASER DW DS P1 XAOP_ENG,MOBILE PUSH,,0,11.0,0.37,11.0,0.0,0.0,0.0,0.0,6,2024,June
27-Jun-24,DL,B2C_NORM_MPN_PROFUNSECURED_ALL_NA_DOCTOR TEASER DW DS P1 BASE_ENG,MOBILE PUSH,,1,22.0,0.34,22.0,0.0,0.0,0.0,0.0,6,2024,June
27-Jun-24,DL,B2C_NORM_MPN_PROFUNSECURED_ALL_NA_DOCTOR TEASER DW DS P1 XAOP_ENG,MOBILE PUSH,485.0,0,2.0,0.41,2.0,0.0,0.0,0.0,0.0,6,2024,June
26-Jun-24,B,B2C_NORM_MPN_DIRECTBL_ALL_NA_AP2_24-06-2024_English,MOBILE PUSH,0.0,0,561.0,0.0,561.0,0.0,7.0,0.0,0.0,6,2024,June
25-Jun-24,DL,B2C_NORM_MPN_PROFUNSECURED_ALL_NA_DOCTOR DS P1 BASE_ENG,MOBILE PUSH,,4,234.0,0.63,234.0,0.0,3.0,,282.9846,6,2024,June
25-Jun-24,DL,B2C_NORM_MPN_PROFUNSECURED_ALL_NA_DOCTOR DS P1 XAOP_ENG,MOBILE PUSH,,1,39.0,0.71,39.0,0.0,1.0,,156.2911,6,2024,June
24-Jun-24,B,B2B_NORM_MPN_DIRECTBL_ALL_NA_AP1_24-06-2024_English,MOBILE PUSH,0.0,0,760.0,0.0,760.0,0.0,18.0,0.0,0.0,6,2024,June
20-Jun-24,DL,B2C_SC_MPN_PROFUNSECURED_Doctor_20JUN_DS_P1_Base,MOBILE PUSH,,3,149.0,0.56,149.0,0.0,2.0,0.0,0.0,6,2024,June
20-Jun-24,DL,B2C_SC_MPN_PROFUNSECURED_Doctor_20JUN_DS_P1_XAOP,MOBILE PUSH,,0,7.0,0.3,7.0,0.0,0.0,0.0,0.0,6,2024,June
18-Jun-24,B,B2C_RSB_MPN_DIRECTBL_17uneAP2_Propensity,MOBILE PUSH,0.0,0,340.0,0.0,340.0,0.0,6.0,0.0,0.0,6,2024,June
17-Jun-24,B,DPPM_BL_OB_AFFI_SMS2,SMS,,7,751.0,1.1,0.0,0.0,6.0,0.0,0.0,6,2024,June
17-Jun-24,B,DPPM_BL_OB_AFFI_SMS3,SMS,,11,891.0,0.81,0.0,0.0,17.0,0.0,0.0,6,2024,June
17-Jun-24,B,DPPM_BL_OB_AFFI_SMS4,SMS,,18,,1.72,0.0,0.0,18.0,0.0,0.0,6,2024,June
17-Jun-24,DL,B2C_SC_MPN_PROFUNSECURED_Doctor_17JUN_DS_P1_Base,MOBILE PUSH,,3,164.0,0.59,164.0,0.0,2.0,0.0,0.0,6,2024,June
17-Jun-24,DL,B2C_SC_MPN_PROFUNSECURED_Doctor_17JUN_DS_P1_XAOP,MOBILE PUSH,,0,14.0,0.64,14.0,0.0,0.0,0.0,0.0,6,2024,June
17-Jun-24,B,B2C_RSB_MPN_DIRECTBL_17uneAP2_Propensity,MOBILE PUSH,,9,762.0,0.82,762.0,0.0,28.0,0.0,0.0,6,2024,June
16-Jun-24,B,B2C_RSB_MPN_DIRECTBL_17juneAP1_Propensity,MOBILE PUSH,,10,899.0,0.9,899.0,0.0,27.0,,103.9942,6,2024,June
15-Jun-24,B,DPPM_BL_OB_AFFI_SMS1,SMS,,14,,1.25,0.0,0.0,9.0,0.0,0.0,6,2024,June
15-Jun-24,B,DPPM_BL_OB_appinsta,SMS,0.0,0,423.0,0.0,0.0,0.0,4.0,0.0,0.0,6,2024,June
14-Jun-24,B,B2C_RSB_MPN_DIRECTBL_13juneAP1_Propensity,MOBILE PUSH,,4,292.0,0.82,292.0,0.0,3.0,0.0,0.0,6,2024,June
13-Jun-24,DL,B2C_SC_MPN_PROFUNSECURED_Doctor_13JUN_DS_P1_Base,MOBILE PUSH,,2,116.0,0.67,116.0,0.0,2.0,0.0,0.0,6,2024,June
10-Jun-24,DL,B2C_SC_MPN_PROFUNSECURED_Doctor_10JUN_DS_P1_XAOP,MOBILE PUSH,,0,4.0,0.35,4.0,0.0,0.0,0.0,0.0,6,2024,June
10-Jun-24,DL,B2C_SC_MPN_PROFUNSECURED_Doctor_10JUN_DS_P1,MOBILE PUSH,,3,141.0,0.49,141.0,0.0,1.0,0.0,0.0,6,2024,June
08-Jun-24,B,B2C_RSB_MPN_DIRECTBL_8juneAP1_Propensity,MOBILE PUSH,,7,557.0,0.78,557.0,1.0,9.0,,46.226,6,2024,June
08-Jun-24,B,B2C_RSB_MPN_DIRECTBL_9juneAP2_Propensity,MOBILE PUSH,,6,514.0,0.8,514.0,0.0,11.0,0.0,0.0,6,2024,June
08-Jun-24,DL,B2C_SC_MPN_PROFUNSECURED_Doctor_8JUN_DS_P1,MOBILE PUSH,413.0,0,2.0,0.48,2.0,0.0,0.0,0.0,0.0,6,2024,June
07-Jun-24,DL,B2C_SC_MPN_PROFUNSECURED_Doctor_7JUN_DS_P1_XAOP,MOBILE PUSH,,0,17.0,0.59,17.0,0.0,0.0,0.0,0.0,6,2024,June
05-Jun-24,DL,B2C_SC_MPN_PROFUNSECURED_Doctor_5JUN_DS_P1,MOBILE PUSH,,3,186.0,0.59,186.0,0.0,3.0,0.0,0.0,6,2024,June
05-Jun-24,DL,B2C_SC_MPN_PROFUNSECURED_Doctor_5JUN,MOBILE PUSH,,6,436.0,0.72,436.0,1.0,10.0,0.0,0.0,6,2024,June
03-Jun-24,DL,B2C_SC_MPN_PROFUNSECURED_Doctor_3JUN_DS_P1,MOBILE PUSH,,3,221.0,0.73,221.0,1.0,4.0,0.0,0.0,6,2024,June
01-Jun-24,B,DPPM_BL_OB_PTB_appinsta_2905,SMS,0.0,0,138.0,0.0,0.0,0.0,11.0,0.0,0.0,6,2024,June
01-Jun-24,DL,B2C_SC_MPN_PROFUNSECURED_Doctor_1JUN_DS_P1,MOBILE PUSH,,3,193.0,0.71,193.0,0.0,2.0,,77.0984,6,2024,June
30-May-24,B,DPPM_BL_OB_PTB_appinsta_2905,SMS,0.0,0,652.0,0.0,0.0,0.0,77.0,,185.6214,5,2024,May
30-May-24,DL,B2C_SC_MPN_PROFUNSECURED_Doctor_30MAY_DS_P1,MOBILE PUSH,,2,178.0,0.83,178.0,0.0,2.0,0.0,0.0,5,2024,May
27-May-24,DL,B2C_SC_MPN_PROFUNSECURED_Doctor_27MAY_DS_P1,MOBILE PUSH,,3,194.0,0.63,194.0,1.0,3.0,,202.785,5,2024,May
25-May-24,DL,B2C_SC_MPN_PROFUNSECURED_Doctor_25MAY_DS_P1,MOBILE PUSH,,0,18.0,0.99,18.0,0.0,0.0,0.0,0.0,5,2024,May
14-May-24,B,DPPM_BL_OB_appuinst_1405,SMS,0.0,0,,0.0,0.0,0.0,207.0,0.0,0.0,5,2024,May
11-May-24,B,DPPM_BL_OB_appinst_1105,SMS,0.0,0,,0.0,0.0,0.0,97.0,,84.6331,5,2024,May
